/*
SQLyog Enterprise Trial - MySQL GUI v7.11 
MySQL - 5.5.5-10.4.8-MariaDB : Database - pdfparser
*********************************************************************
*/

/*!40101 SET NAMES utf8 */;

/*!40101 SET SQL_MODE=''*/;

/*!40014 SET @OLD_FOREIGN_KEY_CHECKS=@@FOREIGN_KEY_CHECKS, FOREIGN_KEY_CHECKS=0 */;
/*!40101 SET @OLD_SQL_MODE=@@SQL_MODE, SQL_MODE='NO_AUTO_VALUE_ON_ZERO' */;

CREATE DATABASE /*!32312 IF NOT EXISTS*/`pdfparser` /*!40100 DEFAULT CHARACTER SET utf8mb4 */;

USE `pdfparser`;

/*Table structure for table `giros` */

DROP TABLE IF EXISTS `giros`;

CREATE TABLE `giros` (
  `id` int(5) NOT NULL AUTO_INCREMENT,
  `gname` varchar(255) DEFAULT NULL,
  `pickup` varchar(255) DEFAULT NULL,
  `created_at` date DEFAULT NULL,
  PRIMARY KEY (`id`)
) ENGINE=InnoDB AUTO_INCREMENT=149 DEFAULT CHARSET=utf8mb4;

/*Data for the table `giros` */

insert  into `giros`(`id`,`gname`,`pickup`,`created_at`) values (131,'palo 3/11 kumar','0',NULL),(132,'Giovinazzo 3/11G','0',NULL),(133,'gravina','0',NULL),(134,'santeramo/03.11 V','0',NULL),(135,'gioia3/11G','0',NULL),(136,'monopoli','0',NULL),(137,'bitonto/03.11 V','0',NULL),(138,'fasano/03.11 V','0',NULL),(139,'corato 3/11 kumar','0',NULL),(140,'gioia bis3/11G','0',NULL),(141,'barletta3/11G','0',NULL),(142,'terlizzi/03.11V','0',NULL),(143,'valenzano3/11G','0',NULL),(144,'putignano/03.11 V','0',NULL),(145,'valenzano bis 3/11G','0',NULL),(146,'andria3/11G','0',NULL),(147,'altamura3/11G','0',NULL),(148,'molfetta/03.11 V','0',NULL);

/*Table structure for table `parsed_results` */

DROP TABLE IF EXISTS `parsed_results`;

CREATE TABLE `parsed_results` (
  `id` int(6) NOT NULL AUTO_INCREMENT,
  `LDV` varchar(255) DEFAULT NULL,
  `DATA_` varchar(100) DEFAULT NULL,
  `DESTINATARIO` varchar(255) DEFAULT NULL,
  `INDIRIZZO` varchar(255) DEFAULT NULL,
  `CAP` varchar(10) DEFAULT NULL,
  `COD` varchar(5) DEFAULT 'n.a.',
  `op` varchar(20) DEFAULT 'n.a n.a n.a',
  `COL` varchar(15) DEFAULT NULL,
  `giroId` int(6) DEFAULT NULL,
  `created_at` date DEFAULT NULL,
  PRIMARY KEY (`id`)
) ENGINE=InnoDB AUTO_INCREMENT=4127 DEFAULT CHARSET=utf8mb4;

/*Data for the table `parsed_results` */

insert  into `parsed_results`(`id`,`LDV`,`DATA_`,`DESTINATARIO`,`INDIRIZZO`,`CAP`,`COD`,`op`,`COL`,`giroId`,`created_at`) values (3548,'STCPZ000002007507800','02/11/2020','Marianna Panza',' Via Torino 31  | 70027 Palo Del Colle BA\n Note:','70027','n.a.','n.a n.a n.a','1 / 1 kg',131,NULL),(3549,'STCPA000002004824198','02/11/2020','Rita Ficarella',' Via sicilia 16  | 70027 Palo Del Colle BA\n Note:','70027','n.a.','n.a n.a n.a','1 / 1 kg',131,NULL),(3550,'STCPA000002004833443','02/11/2020','Francesca Minuti',' Via Monterosa 3  | 70027 Palo del Colle BA\nNote:citofono BRUDAGLIO - MINUTI','70027','n.a.','n.a n.a n.a','1 / 1 kg',131,NULL),(3551,'STCPA000002007590430','02/11/2020','FILIPPO MONGELLI','STRADA PROVINCIALE 236, 0 | 70028\n Note:','70028','n.a.','n.a n.a n.a','1 / 5 kg',131,NULL),(3552,'STCPZ000002007586229','02/11/2020','ANGELA SCHIRALLI',' VIA GIUSEPPE RUTIGLIANO 14  | 70020 BITETTO\n Note:','70020','n.a.','n.a n.a n.a','1 / 1 kg',131,NULL),(3553,'STCPA000002007544301','02/11/2020','--- Gissi Vitamaria',' Via montecucco 9  | 70027 PALO DEL COLLE BA\n Note:','70027','n.a.','n.a n.a n.a','1 / 2 kg',131,NULL),(3554,'STCPA000002006479878','02/11/2020','C/O Scattarelli Giovanna\nLupelli Andrea',' Via Cappella 6  | 70020 Bitetto BA\nNote:','70020','n.a.','n.a n.a n.a','1 / 1 kg',131,NULL),(3555,'STCPA000002004814904','02/11/2020','Vanessa Ranieri',' Via francesco caiati 5  | 70028 Sannicandro di\n Note:','70028','n.a.','n.a n.a n.a','1 / 2 kg',131,NULL),(3556,'STCPA000002007532186','02/11/2020','PETRUZZI ALESSANDRO',' VIA AURICARRO, 141  | 70027 PALO DEL COLLE\n Note:','70027','n.a.','n.a n.a n.a','1 / 2 kg',131,NULL),(3557,'STCPA000002004830723','02/11/2020','Filomena Pace',' Via beato giacomo 15  | 70020 Bitetto BA\n Note:','70020','n.a.','n.a n.a n.a','1 / 2 kg',131,NULL),(3558,'STCPA000002004823809','02/11/2020','Rita Ficarella',' Via sicilia 16  | 70027 Palo Del Colle BA\n Note:','70027','n.a.','n.a n.a n.a','1 / 2 kg',131,NULL),(3559,'STCPA000002004821848','02/11/2020','Maria Teresa Marziliano',' Brescia 5  | 70028 Sannicandro Di Bari BA\n Note:','70028','n.a.','n.a n.a n.a','1 / 2 kg',131,NULL),(3560,'STCPA000002004824231','02/11/2020','Lucia Poliseno',' Via vittorio nunziante,62  | 70027 Palo Del Colle\n Note:','70027','n.a.','n.a n.a n.a','1 / 1 kg',131,NULL),(3561,'STCPA000002004836280','02/11/2020','Giuliana Loverro',' toti 21  | 70020 Bitetto BA\n Note:','70020','n.a.','n.a n.a n.a','1 / 2 kg',131,NULL),(3562,'STCPZ000002007534959','02/11/2020','Pietro Di Natale',' Via Iqbal Masih 1/3  | 70127 BARI BA\nNote:Navi17849123','70127','43.98','CONTANTI n.a POS','1 / 1 kg',132,NULL),(3563,'STCPZ000002006149033','02/11/2020','Nicola Camporeale',' Via Bari139  | 70054 GIOVINAZZO BA\n Note:','70054','n.a.','n.a n.a n.a','1 / 1 kg',132,NULL),(3564,'STCPZ000002006497277','02/11/2020','PAOLO TRAVERSA',' VIALE DEL PINO 35  | 70128 BARI BA\nNote:C/O TRAVERSA ONOFRIO','70128','n.a.','n.a n.a n.a','1 / 2 kg',132,NULL),(3565,'STCPA000002006437025','02/11/2020','--- Aurelio Strippoli','VIALE CARAVELLA, 11 | 70127 BARI BA\n Note:','70127','n.a.','n.a n.a n.a','1 / 2 kg',132,NULL),(3566,'STCPA000002007546507','02/11/2020','Matteo Rinaldi',' Piazza Vittorio Emanuele 34  | 70054\n Note:','70054','n.a.','n.a n.a n.a','1 / 1 kg',132,NULL),(3567,'STCPA000002004810547','02/11/2020','Damiano Bologna',' Via isonzo n 21  | 70054 Giovinazzo BA\n Note:','70054','n.a.','n.a n.a n.a','1 / 1 kg',132,NULL),(3568,'STCPZ000002007575278','02/11/2020','ORNELLA NUZZI',' Via Alfredo Spilotros 13/A  | 70128 Bari BA\n Note:','70128','n.a.','n.a n.a n.a','1 / 1 kg',132,NULL),(3569,'STCPA000002004829875','02/11/2020','Ilaria Fiorentino',' via cap mastandrea 6  | 70054 Giovinazzo BA\n Note:','70054','n.a.','n.a n.a n.a','1 / 1 kg',132,NULL),(3570,'STCPA000002007526381','02/11/2020','Maria Farella',' Via Toselli 54  | 70054 Giovinazzo BA\n Note:','70054','23.90','CONTANTI n.a POS','1 / 1 kg',132,NULL),(3571,'STCPZ000002007533153','02/11/2020','Maria Prudente',' Via Bari 106A  | 70054 Giovinazzo BA\n Note:','70054','n.a.','n.a n.a n.a','1 / 1 kg',132,NULL),(3572,'STCPA000002004831511','02/11/2020','Rosanna Girone',' Via nicola minervino 16  | 70128 Bari BA\n Note:','70128','n.a.','n.a n.a n.a','1 / 2 kg',132,NULL),(3573,'STCPA000002007526036','02/11/2020','Marco FIORE c/o\nCUTRONE','VIA DOMENICO FAZIO, 5 | 70128 BARI BA\nNote:','70128','n.a.','n.a n.a n.a','1 / 1 kg',132,NULL),(3574,'STCPA000002004831623','02/11/2020','Salvatore Catalano',' Viale Gino Priolo 35  | 70128 Palese Bari BA\n Note:','70128','n.a.','n.a n.a n.a','1 / 2 kg',132,NULL),(3575,'STCPA000002004827923','02/11/2020','Mariagrazia Cirillo',' Via Bologna 19  | 70054 giovinazzo BA\n Note:','70054','n.a.','n.a n.a n.a','1 / 2 kg',132,NULL),(3576,'STCPA000002004831722','02/11/2020','Stefania Giusti',' Via Nazionale, 28, 70128 Bari BA, Italia  | 70128\n Note:','70128','n.a.','n.a n.a n.a','1 / 2 kg',132,NULL),(3577,'STCPA000002004822710','02/11/2020','Carmela Brancale',' Via Pietro Capruzzi 1  | 70128 Bari-Palese BA\nNote:Scala C','70128','n.a.','n.a n.a n.a','1 / 2 kg',132,NULL),(3578,'STCPA000002004831911','02/11/2020','Maria Concetta Zizzi',' Via Caputo  | 70128 Bari BA\n Note:','70128','n.a.','n.a n.a n.a','1 / 2 kg',132,NULL),(3579,'STCPA000002004824556','02/11/2020','francesca labianca',' via bitonto,21  | 70054 giovinazzo BA\n Note:','70054','n.a.','n.a n.a n.a','1 / 10 kg',132,NULL),(3580,'STCPZ000002007541477','02/11/2020','De Liso Domenico',' Via Macchie Vico XVI n 13  | 70128 BARI PALESE\nNote:BO200NS002X2-AWS3 x1','70128','n.a.','n.a n.a n.a','1 / 2 kg',132,NULL),(3581,'STCPA000002004817916','01/11/2020','Ausilia Di Noi',' Strada lippolis 9  | 70126 Bari BA\n Note:','70126','n.a.','n.a n.a n.a','1 / 1 kg',132,NULL),(3582,'STCPA000002007524969','02/11/2020','ELISABETTA ANTONACI',' VIA UNGARO 10  | 70127 BARI BA\nNote:VARI','70127','n.a.','n.a n.a n.a','1 / 1 kg',132,NULL),(3583,'STCPA000002005910203','01/11/2020','ISTITUTO\nCOMPRENSIVO',' VIA DELLE AZALEE, 9  | 70127 Bari BA\nNote:','70127','n.a.','n.a n.a n.a','1 / 2 kg',132,NULL),(3584,'STCPZ000002006477852','02/11/2020','STEFANO GIOVE',' VIA PIZZILLO II TRAVERSA 22/11  | 70128 Bari\n Note:','70128','n.a.','n.a n.a n.a','1 / 5 kg',132,NULL),(3585,'STCPA000002006243491','02/11/2020','OFFICINA ABRUZZESE DI\nANTONELL OFFICINA',' VIA BENEDETTO CROCE 10  | 70024 GRAVINA IN\nNote:','70024','n.a.','n.a n.a n.a','1 / 1 kg',133,NULL),(3586,'STCPZ000002007536582','02/11/2020','Lucia mostardini',' Corso G divittorio, 16  | 70024 Gravina in puglia\n Note:','70024','24.99','CONTANTI ASSEGNO POS','1 / 1 kg',133,NULL),(3587,'STCPZ000002005504701','02/11/2020','Popolizio Giuseppe',' Via Federico Meninni 267  | 70024 GRAVINA IN\n Note:','70024','n.a.','n.a n.a n.a','1 / 1 kg',133,NULL),(3588,'STCPA000002004786569','02/11/2020','Roberta Pisicoli',' Via F. Meninni 80  | 70024 Gravina in Puglia BA\nNote:I piano','70024','n.a.','n.a n.a n.a','1 / 5 kg',133,NULL),(3589,'STCPA000002004834247','02/11/2020','Francesca Racanelli',' Via orti 9  | 70024 Gravina in puglia BA\n Note:','70024','n.a.','n.a n.a n.a','1 / 2 kg',133,NULL),(3590,'STCPA000002007535258','02/11/2020','FILIPPO BALDUCCI','VIA VINCENT VAN GOGH, 30 | 70024 GRAVINA\n Note:','70024','n.a.','n.a n.a n.a','1 / 2 kg',133,NULL),(3591,'STCPA000002004810541','02/11/2020','Emanuela Grassi',' Via antonio punzi 119  | 70024 Gravina BA\nNote:1','70024','n.a.','n.a n.a n.a','1 / 1 kg',133,NULL),(3592,'STCPA000002004821544','02/11/2020','Lucia Picciallo',' Via pescara 4  | 70024 Gravina in puglia BA\nNote:Via Pescara 4','70024','n.a.','n.a n.a n.a','1 / 2 kg',133,NULL),(3593,'STCPA000002004831672','02/11/2020','Grazia Tucci',' Via novella, 6  | 70024 Gravina in Puglia BA\n Note:','70024','n.a.','n.a n.a n.a','1 / 2 kg',133,NULL),(3594,'STCPA000002004815630','02/11/2020','Store Pace',' Via bari,52  | 70024 Gravina in Puglia BA\nNote:Piano terra','70024','n.a.','n.a n.a n.a','1 / 1 kg',133,NULL),(3595,'STCPA000002004829316','02/11/2020','raffaella creanza',' via giovanni verga 94 c  | 70024 gravina in\n Note:','70024','n.a.','n.a n.a n.a','1 / 1 kg',133,NULL),(3596,'STCPA000002004828881','02/11/2020','Felicia Leone',' Via pompei 7  | 70024 Gravina In Puglia BA\n Note:','70024','n.a.','n.a n.a n.a','1 / 2 kg',133,NULL),(3597,'STCPA000002004820687','02/11/2020','Lidia Sansone',' Via catanzaro 44  | 70024 Gravina In Puglia BA\n Note:','70024','n.a.','n.a n.a n.a','1 / 2 kg',133,NULL),(3598,'STCPA000002004823213','02/11/2020','Salvatore Armenise',' Via Pola 15/A  | 70024 Gravina In Puglia BA\n Note:','70024','n.a.','n.a n.a n.a','2 / 2 kg',133,NULL),(3599,'STCPA000002004817993','02/11/2020','Rosa Iacovelli',' Via Nizza, 55,  | 70024 Gravina In Puglia BA\n Note:','70024','n.a.','n.a n.a n.a','1 / 2 kg',133,NULL),(3600,'STCPA000002004837772','02/11/2020','Giusy Ciaciulli',' Via san giuseppe 52  | 70024 Gravina In Puglia\n Note:','70024','n.a.','n.a n.a n.a','1 / 2 kg',133,NULL),(3601,'STCPA000002004835492','02/11/2020','Nicola Pisicoli',' Via San Giuseppe 73/Q  | 70024 Gravina In\n Note:','70024','n.a.','n.a n.a n.a','1 / 5 kg',133,NULL),(3602,'STCPA000002004828059','02/11/2020','Anna Rosa',' Via giustiniani 29  | 70024 Gravina BA\n Note:','70024','n.a.','n.a n.a n.a','1 / 2 kg',133,NULL),(3603,'STCPA000002004818021','02/11/2020','Francesca Vitale',' Via San Vito Vecchio 55  | 70024 Gravina in\n Note:','70024','n.a.','n.a n.a n.a','1 / 2 kg',133,NULL),(3604,'STCPA000002004834706','02/11/2020','Michele Calabrese',' Via Fratelli Bandiera  | 70024 Gravina in Puglia\nNote:68','70024','n.a.','n.a n.a n.a','1 / 1 kg',133,NULL),(3605,'STCPA000002004818591','02/11/2020','Nicla Vitucci',' Via Spinazzola , 21  | 70024 Gravina in Puglia\n Note:','70024','n.a.','n.a n.a n.a','1 / 2 kg',133,NULL),(3606,'STCPA000002004823876','02/11/2020','Arianna Nicefalo',' Via San Giuseppe  | 70024 Gravina in Puglia BA\n Note:','70024','n.a.','n.a n.a n.a','1 / 2 kg',133,NULL),(3607,'STCPA000002006500843','02/11/2020','DITARANTO MARIELLA',' VIA LARGO RISORGIMENTO 36  | 70024 Gravina\n Note:','70024','n.a.','n.a n.a n.a','1 / 10 kg',133,NULL),(3608,'STCPA000002004819326','02/11/2020','luigia de marino',' via galileo galilei, 10  | 70024 Gravina In Puglia\n Note:','70024','n.a.','n.a n.a n.a','1 / 2 kg',133,NULL),(3609,'STCPA000002007507750','02/11/2020','Filippo Balducci',' Via Van Gogh, 30  | 70024 GRAVINA IN PUGLIA\n Note:','70024','n.a.','n.a n.a n.a','1 / 2 kg',133,NULL),(3610,'STCPA000002006072472','02/11/2020','Ruggiero Vito',' Via Arezzo 12  | 70024 Gravina In Puglia BA\n Note:','70024','n.a.','n.a n.a n.a','1 / 20 kg',133,NULL),(3611,'STCPA000002004835568','02/11/2020','Pasqua Maggi',' Via lecce 15  | 70029 Santeramo In Colle BA\n Note:','70029','n.a.','n.a n.a n.a','1 / 2 kg',134,NULL),(3612,'STCPA000002004819276','02/11/2020','domenica lella',' via Cortile Sava, 47  | 70029 santeramo in colle\n Note:','70029','n.a.','n.a n.a n.a','1 / 2 kg',134,NULL),(3613,'STCPA000002004824572','02/11/2020','Anna Pia Colacicco',' Via Gaetano Donizetti 73  | 70029 Santeramo In\n Note:','70029','n.a.','n.a n.a n.a','1 / 2 kg',134,NULL),(3614,'STCPZ000002007537195','02/11/2020','Enzo Serini',' Via Magna Grecia3/V  | 70029 SANTERAMO IN\nNote:T53---WHITM - T53---WHITM (x1)','70029','n.a.','n.a n.a n.a','1 / 2 kg',134,NULL),(3615,'STCPA000002006243474','02/11/2020','DECEMVIRALE & C. SAS\nDECEMVIRALE & C. SAS',' VIA TOMMASO FIORE 7  | 70029 SANTERAMO IN\nNote:','70029','n.a.','n.a n.a n.a','1 / 1 kg',134,NULL),(3616,'STCPA000002007546865','02/11/2020','Salvatore Lazazzera',' via albert einstein 25  | 70029 SANTERAMO IN\nNote:9D-9JUX-SC1M PELLE SINTETIC...','70029','n.a.','n.a n.a n.a','1 / 1 kg',134,NULL),(3617,'STCPA000002007563678','02/11/2020','nicola natale',' via dei gracchi 33  | 70029 SANTERAMO IN\n Note:','70029','n.a.','n.a n.a n.a','1 / 1 kg',134,NULL),(3618,'STCPA000002004829721','02/11/2020','Giada Desantis',' Via monsignor giove 157  | 70029 Santeramo In\n Note:','70029','n.a.','n.a n.a n.a','1 / 2 kg',134,NULL),(3619,'STCPA000002004826868','02/11/2020','Veronica Mariano',' Via Acquaviva 38  | 70029 Santeramo In Colle\n Note:','70029','n.a.','n.a n.a n.a','1 / 1 kg',134,NULL),(3620,'STCPA000002004824564','02/11/2020','Angela Capece',' Via Goffredo Mameli 17  | 70029 Santeramo In\n Note:','70029','n.a.','n.a n.a n.a','1 / 2 kg',134,NULL),(3621,'STCPZ000002007524356','02/11/2020','davide giove',' via Montefreddo n 33  | 70029 SANTERAMO IN\nNote:Tel: 3891066258','70029','n.a.','n.a n.a n.a','1 / 2 kg',134,NULL),(3622,'STCPZ000002007525307','02/11/2020','Giuseppe  Cardinale',' Via Albertini  18  | 70029 SANTERAMO IN COLLE\nNote:18 - Info: support@speedd.net','70029','42.98','CONTANTI n.a POS','1 / 1 kg',134,NULL),(3623,'STCPZ000002007534860','02/11/2020','Antonello Bosco',' Via Sacco e Vanzetti 33  | 70029 Santeramo In\n Note:','70029','n.a.','n.a n.a n.a','1 / 1 kg',134,NULL),(3624,'STCPA000002004823413','02/11/2020','Giuseppe Passalacqua',' Via Quarnaro 24  | 70010 Sammichele Di Bari\n Note:','70010','n.a.','n.a n.a n.a','1 / 1 kg',135,NULL),(3625,'STCPZ000002007551295','02/11/2020','Domenico Donvito',' Via Lepre, 27  | 70023 Gioia del Colle BA\n Note:','70023','n.a.','n.a n.a n.a','1 / 1 kg',135,NULL),(3626,'STCPZ000002005891805','02/11/2020','Stella Fraccalvieri',' Via Viapiano Saverio 141  | 70020 CASSANO\n Note:','70020','n.a.','n.a n.a n.a','1 / 1 kg',135,NULL),(3627,'STCPA000002096916495','02/11/2020','Rosanna Bellomo',' Via Palmiro Togliatti 8  | 70021 Acquaviva delle\n Note:','70021','n.a.','n.a n.a n.a','1 / 1 kg',135,NULL),(3628,'STCPA000002007530245','02/11/2020','GAS MIUSIC STORE SAS',' VIA  G . CARDUCCI N 143/D  | 70023 Gioia Del\n Note:','70023','n.a.','n.a n.a n.a','1 / 2 kg',135,NULL),(3629,'STCPA000002004822634','02/11/2020','Isabella Favia',' Via Vittorio De Sica 2B  | 70023 Gioia del Colle\n Note:','70023','n.a.','n.a n.a n.a','1 / 2 kg',135,NULL),(3630,'STCPA000002004817893','02/11/2020','Angelica Castellaneta',' Via Mergellina 22  | 70023 Gioia Del Colle BA\nNote:Terra','70023','n.a.','n.a n.a n.a','1 / 2 kg',135,NULL),(3631,'STCPA000002007548319','02/11/2020','ANTONIO BATTA',' VIA MODESTO PANETTI 63  | 70021 Acquaviva\n Note:','70021','n.a.','n.a n.a n.a','1 / 1 kg',135,NULL),(3632,'STCPA000002006243492','02/11/2020','BELLACICCO & DI\nFONZO SNC',' VIA PROV. PER NOCI KM. 1 194  | 70023 GIOIA\nNote:','70023','n.a.','n.a n.a n.a','1 / 1 kg',135,NULL),(3633,'STCPZ000002007524095','02/11/2020','MARIA FAIANO',' VIA CIRILLO N9  | 70023 Gioia Del Colle BA\n Note:','70023','n.a.','n.a n.a n.a','1 / 1 kg',135,NULL),(3634,'STCPA000002007546304','02/11/2020','Giusy Sabino',' Via sammichele nr. 31  | 70021 Acquaviva delle\n Note:','70021','n.a.','n.a n.a n.a','1 / 1 kg',135,NULL),(3635,'STCPZ000002007536176','02/11/2020','Gianvito mastrorocco',' Via Luca Tricarico 47  | 70021 ACQUAVIVA\nNote:Telo Copri Moto Scooter Pro...','70021','n.a.','n.a n.a n.a','1 / 1 kg',135,NULL),(3636,'STCPZ000002006501462','02/11/2020','Silvio Mallardi',' Via Kenendy 29  | 70010 Sammichele Di Bari BA\n Note:','70010','n.a.','n.a n.a n.a','1 / 1 kg',135,NULL),(3637,'STCPZ000002006469204','02/11/2020','GIUMALA IONUT',' VIA ANTONIO PACINOTTI 7  | 70010\n Note:','70010','n.a.','n.a n.a n.a','1 / 1 kg',135,NULL),(3638,'STCPA000002007527686','02/11/2020','Elisabetta Di Napoli',' Via Vittorio Alfieri , 26  | 70023 Gioia Del Colle\n Note:','70023','n.a.','n.a n.a n.a','1 / 1 kg',135,NULL),(3639,'STCPA000002006474678','02/11/2020','Settimo Allegra',' Via Eremita 17  | 70023 GIOIA DEL COLLE BA\n Note:','70023','n.a.','n.a n.a n.a','1 / 5 kg',135,NULL),(3640,'STCPA000002004839915','02/11/2020','Giuseppe Passalacqua',' Via Quarnaro 24  | 70010 Sammichele Di Bari\n Note:','70010','n.a.','n.a n.a n.a','1 / 1 kg',135,NULL),(3641,'STCPA000002096917303','02/11/2020','Marta Palmisano',' Via Santa Caterina da Siena 13  | 70023 Gioia\n Note:','70023','n.a.','n.a n.a n.a','1 / 1 kg',135,NULL),(3642,'STCPZ000002007534862','02/11/2020','Grazia Smaldino',' Via Convento 18  | 70020 Cassano Delle Murge\n Note:','70020','n.a.','n.a n.a n.a','1 / 2 kg',135,NULL),(3643,'STCPA000002004837562','02/11/2020','lia serra',' via francesco paolo fasano 25  | 70023 gioia del\n Note:','70023','n.a.','n.a n.a n.a','1 / 2 kg',135,NULL),(3644,'STCPA000002004820017','02/11/2020','Marina Pepa',' Via Maselli Campagna 200/a  | 70021\n Note:','70021','n.a.','n.a n.a n.a','1 / 2 kg',135,NULL),(3645,'STCPA000002004820943','02/11/2020','Anna chiara Lavermicocca',' Piazza di vagno  | 70021 Acquaviva delle Fonti\nNote:Presso ufficio postale','70021','n.a.','n.a n.a n.a','1 / 2 kg',135,NULL),(3646,'STCPA000002004829082','02/11/2020','Marida Donvito',' Via Paolo Cassano  | 70023 Gioia del Colle BA\nNote:826','70023','n.a.','n.a n.a n.a','1 / 1 kg',135,NULL),(3647,'STCPA000002004821802','02/11/2020','LUCIANA PETRONE',' VIA SILECCHIA 26  | 70020 CASSANO DELLE\n Note:','70020','n.a.','n.a n.a n.a','1 / 1 kg',135,NULL),(3648,'STCPA000002096915128','02/11/2020','Alessia Surico',' Piazza Enrico Berlinguer 16  | 70023 Gioia del\n Note:','70023','n.a.','n.a n.a n.a','1 / 1 kg',135,NULL),(3649,'STCPA000002007526348','02/11/2020','Rita Saliani',' Via Sardegna, 7 (C/O Drum Color Srl)  | 70010\nNote:C/O Drum Color Srl','70010','n.a.','n.a n.a n.a','1 / 1 kg',135,NULL),(3650,'STCPA000002004810560','02/11/2020','Fabrizia De Palma',' Via Nicola Verroca  | 70021 Acquaviva delle\nNote:15','70021','n.a.','n.a n.a n.a','1 / 1 kg',135,NULL),(3651,'STCPA000002004820244','02/11/2020','Maria Rosaria Pasciolla\nMilano',' Via Rossini 13  | 70021 Acquaviva Delle Fonti\nNote:','70021','n.a.','n.a n.a n.a','1 / 2 kg',135,NULL),(3652,'STCPZ000002007548914','02/11/2020','Gianluca Quaranta',' via Senatore Silvio Cirielli 12/16  | 70021\n Note:','70021','n.a.','n.a n.a n.a','1 / 2 kg',135,NULL),(3653,'STCPA000002004823207','02/11/2020','Morena Capurso',' Via dei peuceti 27  | 70023 Gioia Del Colle BA\n Note:','70023','n.a.','n.a n.a n.a','2 / 2 kg',135,NULL),(3654,'STCPZ000002007551432','02/11/2020','Antonio Selicato',' Contrada Cozzana 427  | 70043 Monopoli BA\n Note:','70043','n.a.','n.a n.a n.a','1 / 1 kg',136,NULL),(3655,'STCPZ000002007534969','02/11/2020','Enzo  Micati',' Via Fratelli Bandiera 24  | 70043 MONOPOLI BA\nNote:Navi17825123','70043','38.98','CONTANTI n.a POS','1 / 1 kg',136,NULL),(3656,'STCPA000002004828609','02/11/2020','Mariateresa Aversa',' Viale Aldo Moro 67/N  | 70043 Monopoli BA\n Note:','70043','n.a.','n.a n.a n.a','1 / 1 kg',136,NULL),(3657,'STCPA000002006475352','02/11/2020','MARCHI BRUNO',' VIA CIALDINI 91  | 70043 Monopoli BA\nNote:C/O ANTONELLA MUOLO','70043','n.a.','n.a n.a n.a','1 / 1 kg',136,NULL),(3658,'STCPA000002004838280','02/11/2020','Eleonora Muolo',' S s 16 km 839 950  | 70043 Monopoli BA\n Note:','70043','n.a.','n.a n.a n.a','1 / 1 kg',136,NULL),(3659,'STCPZ000002007546873','02/11/2020','Giovanni Scalise',' Via Cosimo Turi 15/F  | 70043 MONOPOLI BA\nNote:Navi17529123','70043','n.a.','n.a n.a n.a','1 / 1 kg',136,NULL),(3660,'STCPA000002004820649','02/11/2020','Luca Mignozzi',' Contrada Pagliericci 647/A  | 70043 Monopoli\n Note:','70043','n.a.','n.a n.a n.a','1 / 2 kg',136,NULL),(3661,'STCPA000002004829223','02/11/2020','Francesco Dipalma',' Via Arenazza 7/N  | 70043 Monopoli BA\n Note:','70043','n.a.','n.a n.a n.a','3 / 1 kg',136,NULL),(3662,'STCPA000002004829259','02/11/2020','Maria Cristina Biasi',' c./da passarello  | 70043 Monopoli BA\nNote:n 270','70043','n.a.','n.a n.a n.a','1 / 2 kg',136,NULL),(3663,'STCPA000002007535309','02/11/2020','Rachele Caramia ANGEL-\nLOOK parrucchiere','VIA DANTE ALIGHIERI, 37 | 70043 MONOPOLI BA\nNote:','70043','49.90','CONTANTI n.a POS','1 / 2 kg',136,NULL),(3664,'STCPA000002004822983','02/11/2020','Dario Bagordo',' Viale delle Rimembranze 18  | 70043 Monopoli\n Note:','70043','n.a.','n.a n.a n.a','1 / 1 kg',136,NULL),(3665,'STCPA000002004829223','02/11/2020','Francesco Dipalma',' Via Arenazza 7/N  | 70043 Monopoli BA\n Note:','70043','n.a.','n.a n.a n.a','3 / 1 kg',136,NULL),(3666,'STCPA000002004829201','02/11/2020','Selene Mirizio',' Via Ottaviano Zara 55  | 70043 Monopoli BA\n Note:','70043','n.a.','n.a n.a n.a','1 / 2 kg',136,NULL),(3667,'STCPA000002004819164','02/11/2020','clara grande',' Via Generale Oscar Lagan 3  | 70043\n Note:','70043','n.a.','n.a n.a n.a','1 / 2 kg',136,NULL),(3668,'STCPA000002004829223','02/11/2020','Francesco Dipalma',' Via Arenazza 7/N  | 70043 Monopoli BA\n Note:','70043','n.a.','n.a n.a n.a','3 / 1 kg',136,NULL),(3669,'STCPA000002004818571','02/11/2020','Virginia Boccuzzi',' Via Procaccia 10  | 70043 Monopoli BA\n Note:','70043','n.a.','n.a n.a n.a','1 / 5 kg',136,NULL),(3670,'STCPA000002004822678','02/11/2020','Caterina Navach',' Via Fiume 31  | 70043 Monopoli BA\n Note:','70043','n.a.','n.a n.a n.a','1 / 5 kg',136,NULL),(3671,'STCPA000002007547947','02/11/2020','Alberto Munno',' Via Arenazza 7M  | 70043 MONOPOLI BA\n Note:','70043','n.a.','n.a n.a n.a','1 / 2 kg',136,NULL),(3672,'STCPA000002004828423','02/11/2020','Francesco Dipalma',' Via Arenazza 7/N  | 70043 Monopoli BA\n Note:','70043','n.a.','n.a n.a n.a','1 / 1 kg',136,NULL),(3673,'STCPA000002004816622','02/11/2020','ANGELA GRASSI (C/O\nBAGORDA MIRIANA)',' Contrada Lamalunga, 152  | 70043 Monopoli BA\nNote:','70043','n.a.','n.a n.a n.a','1 / 2 kg',136,NULL),(3674,'STCPA000002004814680','02/11/2020','Rossella Palmitessa',' Via Mulini 50  | 70043 Monopoli BA\n Note:','70043','n.a.','n.a n.a n.a','1 / 2 kg',136,NULL),(3675,'STCPA000002006476735','02/11/2020','ROBERTO ZAZZERA',' VIA BAIONE NR. 31  | 70043 Monopoli BA\n Note:','70043','n.a.','n.a n.a n.a','1 / 1 kg',136,NULL),(3676,'STCPA000002004831204','02/11/2020','chengye yan',' Viale Aldo Moro 69  | 70043 Monopoli BA\nNote:Hongkong market','70043','n.a.','n.a n.a n.a','1 / 1 kg',136,NULL),(3677,'STCPZ000002007548959','02/11/2020','Mastronardi Angela',' contrada Cristo delle zolle 230/A Campagna  |\n Note:','70043','n.a.','n.a n.a n.a','1 / 2 kg',136,NULL),(3678,'STCPA000002004841151','02/11/2020','Mare Gioioso Srl\nMargaritondo',' Contrada baione  | 70043 Monopoli BA\nNote:','70043','n.a.','n.a n.a n.a','1 / 1 kg',136,NULL),(3679,'STCPZ000002005891710','02/11/2020','Federica Palmirotta',' Via San Marco, 100  | 70043 MONOPOLI BA\n Note:','70043','n.a.','n.a n.a n.a','1 / 1 kg',136,NULL),(3680,'STCPA000002004829913','02/11/2020','Grazia Scaraggi',' Via Santa lucia filippini 11  | 70032 Bitonto BA\n Note:','70032','n.a.','n.a n.a n.a','1 / 2 kg',137,NULL),(3681,'STCPZ000002006154157','02/11/2020','Ugo Capolupo',' piazza XXVI maggio 1734,19 c/o bancobpm  |\n Note:','70032','n.a.','n.a n.a n.a','1 / 1 kg',137,NULL),(3682,'STCPZ000002007551287','02/11/2020','Damiano Depalma',' Via Giorgio La Pira 42  | 70032 Bitonto BA\n Note:','70032','n.a.','n.a n.a n.a','1 / 1 kg',137,NULL),(3683,'STCPA000002007529550','02/11/2020','GIOVANNA PALMIERI',' VIA VECCHIA CAPPUCCINI 52  | 70032 BITONTO\n Note:','70032','n.a.','n.a n.a n.a','1 / 1 kg',137,NULL),(3684,'STCPA000002006243471','02/11/2020','SOUNDBUSTERS DI\nVENTAFRIDDA GA',' Via Raffaele Comes 10  | 70032 Bitonto BA\nNote:','70032','n.a.','n.a n.a n.a','1 / 1 kg',137,NULL),(3685,'STCPA000002006436963','02/11/2020','--- Mirabella Mario','VIA GIUSEPPE CAPRUZZI, 13 | 70032 BITONTO\n Note:','70032','n.a.','n.a n.a n.a','1 / 2 kg',137,NULL),(3686,'STCPA000002006243477','02/11/2020','SOUNDBUSTERS DI\nVENTAFRIDDA GA',' Via Raffaele Comes 10  | 70032 Bitonto BA\nNote:','70032','n.a.','n.a n.a n.a','1 / 1 kg',137,NULL),(3687,'STCPA000002004833886','02/11/2020','Sara Tisbo',' Via Francesco Cervelli 6  | 70032 Bitonto BA\n Note:','70032','n.a.','n.a n.a n.a','1 / 2 kg',137,NULL),(3688,'STCPA000002004833721','02/11/2020','Caterina Giammarelli',' Via Tenente Domenico speranza, 4  | 70033\n Note:','70033','n.a.','n.a n.a n.a','2 / 2 kg',137,NULL),(3689,'STCPA000002004834856','02/11/2020','Michela Corallo',' Via Raffaele Tauro, 39  | 70032 BITONTO BA\n Note:','70032','n.a.','n.a n.a n.a','1 / 2 kg',137,NULL),(3690,'STCPA000002004833721','02/11/2020','Caterina Giammarelli',' Via Tenente Domenico speranza, 4  | 70033\n Note:','70033','n.a.','n.a n.a n.a','2 / 2 kg',137,NULL),(3691,'STCPA000002004820630','02/11/2020','Angela Licinio',' Via Domenico Ricapito 56  | 70032 Bitonto BA\n Note:','70032','n.a.','n.a n.a n.a','1 / 2 kg',137,NULL),(3692,'STCPA000002004830744','02/11/2020','Lorella Piperis',' Giudici falcone e borsellino num.25  | 70032\n Note:','70032','n.a.','n.a n.a n.a','1 / 2 kg',137,NULL),(3693,'STCPA000002006424062','02/11/2020','Azzaro F.lli S.G.M. S.N.C.\nAzzaro F.lli S.G.M. S.N',' STS 98 km 74,800 SN  | 70032 BITONTO BA\nNote:','70032','n.a.','n.a n.a n.a','1 / 1 kg',137,NULL),(3694,'STCPA000002006501422','02/11/2020','RONCONE C/O\nMACELLERIA DA',' VIALE GIOVANNI XXIII 73  | 70032 BITONTO BA\nNote:','70032','n.a.','n.a n.a n.a','1 / 2 kg',137,NULL),(3695,'STCPA000002006234965','','Lorenzo Palmieri','Via Dottor Michele Carbone 29 | 70032 Bitonto\nNote:','70017','n.a.','n.a n.a n.a','1/1kg',137,NULL),(3696,'STCPA000002004819088','02/11/2020','Antonella Tatulli',' Via Pasquale Centola 5  | 70032 Bitonto BA\n Note:','70032','n.a.','n.a n.a n.a','1 / 5 kg',137,NULL),(3697,'STCPA000002006148271','','Lorenzo Palmieri','Via Dottor Michele Carbone 29 | 70032 Bitonto\nNote:','70017','n.a.','n.a n.a n.a','1/1kg',137,NULL),(3698,'STCPA000002004823582','02/11/2020','Pina Recchia',' Via Cisternino 120  | 70010 Locorotondo BA\nNote:Negozio Di Giocattoli','70010','n.a.','n.a n.a n.a','1 / 1 kg',138,NULL),(3699,'STCPA000002004823328','02/11/2020','simona loparco',' via brodolini 24  | 72015 Fasano BR\n Note:','72015','n.a.','n.a n.a n.a','1 / 1 kg',138,NULL),(3700,'STCPA000002007536104','02/11/2020','Sante Conversano',' Via Scarli 44  | 72015 Fasano BR\n Note:','72015','n.a.','n.a n.a n.a','1 / 1 kg',138,NULL),(3701,'STCPA000002004823504','02/11/2020','Giorgio Pentassuglia',' Via dell?industria 20  | 72015 Fasano BR\nNote:C/o Ditano.com','72015','n.a.','n.a n.a n.a','1 / 1 kg',138,NULL),(3702,'STCPA000002004812747','02/11/2020','Francesca Convertini',' Via M. Buonarroti 2  | 70010 Locorotondo BA\n Note:','70010','n.a.','n.a n.a n.a','1 / 1 kg',138,NULL),(3703,'STCPA000002004816960','02/11/2020','Anna Cardone',' Via nicolo? tommaseo  | 72015 Fasano BR\nNote:N.48','72015','n.a.','n.a n.a n.a','1 / 2 kg',138,NULL),(3704,'STCPA000002007595573','02/11/2020','ANGELA LOMASCOLO',' VIA PASSIATORE, 74  | 72015 Fasano BR\n Note:','72015','n.a.','n.a n.a n.a','1 / 1 kg',138,NULL),(3705,'STCPZ000002007561859','02/11/2020','Piscitelli Domenico',' via Italo Balbo, 62  | 70010 LOCOROTONDO BA\n Note:','70010','n.a.','n.a n.a n.a','1 / 1 kg',138,NULL),(3706,'STCPA000002007534475','02/11/2020','Gianpiero Marasciulo',' Via della Tecnica 26C  | 72015 Fasano BR\n Note:','72015','n.a.','n.a n.a n.a','1 / 1 kg',138,NULL),(3707,'STCPA000002096620848','02/11/2020','Lucrezia Giannoccaro',' Via V. Lancia  | 72015 Fasano BR\n Note:','72015','n.a.','n.a n.a n.a','1 / 2 kg',138,NULL),(3708,'STCPZ000002007549455','02/11/2020','Vito Curlo',' via Vito Albano 5  | 72015 Fasano BR\n Note:','72015','n.a.','n.a n.a n.a','1 / 1 kg',138,NULL),(3709,'STCPA000002007561888','02/11/2020','Anna Ditoma',' Via cesareo 51  | 72015 FASANO BR\n Note:','72015','15.99','CONTANTI ASSEGNO POS','1 / 1 kg',138,NULL),(3710,'STCPA000002004823802','02/11/2020','Donato Decarolis',' Via Prima Traversa Dell?Energia 12  | 72015\n Note:','72015','n.a.','n.a n.a n.a','1 / 2 kg',138,NULL),(3711,'STCPA000002004822274','02/11/2020','Giorgio Pentassuglia',' Via dell?industria 20  | 72015 Fasano BR\nNote:C/o Ditano.com','72015','n.a.','n.a n.a n.a','1 / 2 kg',138,NULL),(3712,'STCPA000002004823626','02/11/2020','Giusi Schena',' Via G. Attoma 10  | 72015 Fasano BR\n Note:','72015','n.a.','n.a n.a n.a','1 / 1 kg',138,NULL),(3713,'STCPA000002004829655','02/11/2020','Marielena Caforio',' Via Alcide de Gasperi 156  | 70010 Locorotondo\n Note:','70010','n.a.','n.a n.a n.a','2 / 2 kg',138,NULL),(3714,'STCPA000002004824786','02/11/2020','Simonetta Ricotta',' Contrada Torre Spaccata, s. n  | 72015 Fasano\nNote:Casa Indipendente a Torre Canne','72015','n.a.','n.a n.a n.a','1 / 2 kg',138,NULL),(3715,'STCPA000002004817855','02/11/2020','Alessandra RECCHIA',' Via delle Croci (C.da Bicocca)  | 72015 PEZZE DI\nNote:MASSERIA MONTENAPOLEONE','72015','n.a.','n.a n.a n.a','1 / 5 kg',138,NULL),(3716,'STCPA000002004818137','02/11/2020','Chiara Potenza',' Via morchiaturo 3  | 72015 Fasano BR\n Note:','72015','n.a.','n.a n.a n.a','1 / 2 kg',138,NULL),(3717,'STCPZ000002007525290','02/11/2020','Leo Dibitonto',' Via del miracolo 202/b 202/b  | 72015 POZZO\nNote:202/b - Info: support@speedd.net','72015','54.98','CONTANTI n.a POS','1 / 1 kg',138,NULL),(3718,'STCPA000002004824561','02/11/2020','Simonetta Ricotta',' Contrada Torre Spaccata, s. n  | 72015 Fasano\nNote:Casa Indipendente a Torre Canne','72015','n.a.','n.a n.a n.a','1 / 1 kg',138,NULL),(3719,'STCPA000002004827732','02/11/2020','Maria Brunetti',' Via Trisciuzzi 35  | 72015 Fasano BR\n Note:','72015','n.a.','n.a n.a n.a','1 / 1 kg',138,NULL),(3720,'STCPA000002004831787','02/11/2020','PAOLA PETRELLI',' Via A. Segni 42  | 70010 Locorotondo BA\n Note:','70010','n.a.','n.a n.a n.a','1 / 2 kg',138,NULL),(3721,'STCPA000002004820610','02/11/2020','Katia Spagnuolo',' Via Fascianello  | 72015 Fasano BR\n Note:','72015','n.a.','n.a n.a n.a','1 / 1 kg',138,NULL),(3722,'STCPA000002004819957','02/11/2020','Monica Losito',' Via Enrico Caruso 1  | 72015 Pezze di Greco BR\n Note:','72015','n.a.','n.a n.a n.a','1 / 2 kg',138,NULL),(3723,'STCPZ000002007528366','02/11/2020','CORBASCIO VITO',' VIA MAFALDA DI SAVOIA 12  | 70010\nNote:ATTENZIONE - MERCE FRAGILE','70010','n.a.','n.a n.a n.a','1 / 5 kg',138,NULL),(3724,'STCPZ000002007558554','02/11/2020','Arconzo  Valentino',' via Lapertosa 51  | 72015 Fasano BR\n Note:','72015','n.a.','n.a n.a n.a','1 / 5 kg',138,NULL),(3725,'STCPA000002004828854','02/11/2020','B&B Le Ginestre',' Viale delle ginestre 27  | 72015 Fasano BR\n Note:','72015','n.a.','n.a n.a n.a','1 / 2 kg',138,NULL),(3726,'STCPA000002004818691','02/11/2020','Vincenza Venusio',' Viale chiesetta dei pietrangeli 1  | 72015 Fasano\n Note:','72015','n.a.','n.a n.a n.a','1 / 2 kg',138,NULL),(3727,'STCPA000002004830597','02/11/2020','B&B Le Ginestre',' Viale delle ginestre 27  | 72015 Fasano BR\n Note:','72015','n.a.','n.a n.a n.a','1 / 2 kg',138,NULL),(3728,'STCPA000002004833479','02/11/2020','Cristiana Rosato',' Sc 20 Serra 38  | 70010 Locorotondo BA\n Note:','70010','n.a.','n.a n.a n.a','1 / 2 kg',138,NULL),(3729,'STCPA000002004830303','02/11/2020','Lucia Lepore',' Via Luigi longo 38  | 72015 Fasano BR\n Note:','72015','n.a.','n.a n.a n.a','1 / 5 kg',138,NULL),(3730,'STCPA000002007524209','02/11/2020','Maria Rosanna Marzolla',' Via E.De Nicola 37  | 72015 Fasano BR\n Note:','72015','15.00','CONTANTI n.a POS','1 / 1 kg',138,NULL),(3731,'STCPA000002007525890','02/11/2020','Fulvio Orlando - Alle spalle\nDel Liceo Di',' Via Leonardo De Mola N.5  | 72015 Fasano BR\nNote:','72015','n.a.','n.a n.a n.a','1 / 2 kg',138,NULL),(3732,'STCPA000002007584791','02/11/2020','BELLINO GIANLUCA',' PROLUNGAMENTO VIA PIAVE SNC  | 72015\nNote:LOTTO 1','72015','n.a.','n.a n.a n.a','1 / 1 kg',138,NULL),(3733,'STCPA000002007539044','02/11/2020','Olive  Angela',' Viale Vernicelli N19  | 72015 Fasano BR\n Note:','72015','n.a.','n.a n.a n.a','1 / 5 kg',138,NULL),(3734,'STCPZ000002006495187','02/11/2020','Damiano )',' Via Imbriani 370/c Z.industriale  | 76011\nNote:Z.industriale - Specchietti 22mm','76011','14.89','CONTANTI n.a POS','1 / 1 kg',139,NULL),(3735,'STCPA000002007564913','02/11/2020','Patrizia Di Modugno',' Via Professor Mauro Papagni 5  | 76011\n Note:','76011','26.90','CONTANTI ASSEGNO POS','1 / 1 kg',139,NULL),(3736,'STCPZ000002005781958','02/11/2020','Manzi Luciana',' Via don giovanni minzoni 15  | 70033 CORATO\n Note:','70033','n.a.','n.a n.a n.a','1 / 1 kg',139,NULL),(3737,'STCPZ000002007536298','02/11/2020','Daniele Coppolecchia',' Via Carrara Salsello 55  | 76011 Bisceglie BT\nNote:Coppolecchia','76011','29.99','CONTANTI ASSEGNO POS','1 / 1 kg',139,NULL),(3738,'STCPA000002004823535','02/11/2020','Stefania Magliocca',' Via Belvedere 48  | 70033 Corato BA\n Note:','70033','n.a.','n.a n.a n.a','1 / 1 kg',139,NULL),(3739,'STCPA000002007547799','02/11/2020','Antonella Di Bari',' Via capirro primo 7  | 76125 Trani BT\n Note:','76125','n.a.','n.a n.a n.a','1 / 1 kg',139,NULL),(3740,'STCPA000002006474624','02/11/2020','SARA LOBASCIO',' STRADA ESTERNA FRANCAVILLA 31  | 70033\n Note:','70033','150.0','CONTANTI n.a POS','1 / 1 kg',139,NULL),(3741,'STCPA000002004829167','02/11/2020','Giusi Bucci',' Corso Don Luigi Sturzo 126  | 76125 Trani BT\nNote:3 piano','76125','n.a.','n.a n.a n.a','2 / 5 kg',139,NULL),(3742,'STCPZ000002006147919','02/11/2020','Gennaro Caratozzolo',' Via Giuseppe Di Vittorio 36/B2  | 76125 TRANI\n Note:','76125','n.a.','n.a n.a n.a','1 / 1 kg',139,NULL),(3743,'STCPA000002007546332','02/11/2020','Domenica Lalli Dicorato',' via avvocato vittorio Malcangi 141  | 76125\n Note:','76125','n.a.','n.a n.a n.a','1 / 1 kg',139,NULL),(3744,'STCPA000002004816695','02/11/2020','Roberta Maria Ciraselli',' C.so V.Emanuele 115  | 76125 Trani BT\n Note:','76125','n.a.','n.a n.a n.a','1 / 1 kg',139,NULL),(3745,'STCPA000002007526290','02/11/2020','NEGOZIO VIA ROMA\nALDO ZAZA',' VIALE IV NOVEMBRE , 57  | 70033 Corato BA\nNote:','70033','250.0','CONTANTI n.a POS','2 / 20 kg',139,NULL),(3746,'STCPA000002007522368','02/11/2020','Carla Emmanuella Farano',' Via P. Palagano, 90  | 76125 Trani BT\n Note:','76125','n.a.','n.a n.a n.a','1 / 1 kg',139,NULL),(3747,'STCPZ000002005881121','02/11/2020','Luigi Sgaramella',' Via IV Novembre 116  | 70033 CORATO BA\n Note:','70033','n.a.','n.a n.a n.a','1 / 1 kg',139,NULL),(3748,'STCPA000002007526290','02/11/2020','NEGOZIO VIA ROMA\nALDO ZAZA',' VIALE IV NOVEMBRE , 57  | 70033 Corato BA\nNote:','70033','250.0','CONTANTI n.a POS','2 / 20 kg',139,NULL),(3749,'STCPA000002007549407','02/11/2020','Piumella Alessio',' Corso Umberto 105  | 76011 Bisceglie BT\n Note:','76011','130.0','CONTANTI n.a POS','1 / 1 kg',139,NULL),(3750,'STCPA000002006218611','02/11/2020','Rizzi Davide',' VIA CAPPUCCINI 8  | 76125 TRANI BT\nNote:80 BUSTE DIETA Mix SALATO E DOLCE 1','76125','n.a.','n.a n.a n.a','1 / 2 kg',139,NULL),(3751,'STCPA000002004835502','02/11/2020','Antonia Liso',' Via Carlo de Trizio 28  | 76011 Bisceglie BT\nNote:Piano 5','76011','n.a.','n.a n.a n.a','1 / 2 kg',139,NULL),(3752,'STCPA000002004816943','02/11/2020','Iolanda Caputo',' Via Enrico Dandolo 104  | 70033 Corato BA\n Note:','70033','n.a.','n.a n.a n.a','2 / 2 kg',139,NULL),(3753,'STCPA000002004820719','02/11/2020','Roberta Maria Ciraselli',' C.so V.Emanuele 115  | 76125 Trani BT\n Note:','76125','n.a.','n.a n.a n.a','1 / 1 kg',139,NULL),(3754,'STCPA000002004795680','02/11/2020','NUNZIA CURCI C/O\nASSISERVICE SNC',' VIA G. BOVIO 71  | 76125 TRANI BT\nNote:','76125','n.a.','n.a n.a n.a','1 / 2 kg',139,NULL),(3755,'STCPA000002004831534','02/11/2020','Vanessa Abruzzese',' Viale Vincenzo Calace, 22  | 76011 Bisceglie BT\nNote:c/o My beauty shop','76011','n.a.','n.a n.a n.a','1 / 2 kg',139,NULL),(3756,'STCPA000002004816943','02/11/2020','Iolanda Caputo',' Via Enrico Dandolo 104  | 70033 Corato BA\n Note:','70033','n.a.','n.a n.a n.a','2 / 2 kg',139,NULL),(3757,'STCPA000002004821905','02/11/2020','Rosa Balducci',' Viale Russia 19  | 76125 Trani BT\n Note:','76125','n.a.','n.a n.a n.a','1 / 2 kg',139,NULL),(3758,'STCPA000002004821264','02/11/2020','simona battaglini',' via Postumia,31  | 76125 trani BT\n Note:','76125','n.a.','n.a n.a n.a','1 / 2 kg',139,NULL),(3759,'STCPA000002004822315','02/11/2020','Ilaria Di Benedetto',' Via San Martino 19  | 76011 Bisceglie BT\n Note:','76011','n.a.','n.a n.a n.a','1 / 2 kg',139,NULL),(3760,'STCPA000002007578494','02/11/2020','Fiorenza Lupo',' Via maddaloni 20  | 70033 CORATO BA\n Note:','70033','n.a.','n.a n.a n.a','1 / 2 kg',139,NULL),(3761,'STCPA000002004823162','02/11/2020','rossana taccardo',' via bagnatoio 2/G  | 70033 corato BA\n Note:','70033','n.a.','n.a n.a n.a','1 / 2 kg',139,NULL),(3762,'STCPA000002004819590','02/11/2020','Samantha Fracchiolla',' Viale Ettore Fieramosca 144  | 70033 Corato BA\nNote:Terra','70033','n.a.','n.a n.a n.a','1 / 1 kg',139,NULL),(3763,'STCPA000002004820066','02/11/2020','Claudio Di Bartolomeo',' Via Coppi Fausto 5  | 70033 Corato BA\n Note:','70033','n.a.','n.a n.a n.a','1 / 2 kg',139,NULL),(3764,'STCPA000002004838163','02/11/2020','Raffaella Piccarreta',' viale dei Tigli  | 70033 Corato BA\n Note:','70033','n.a.','n.a n.a n.a','1 / 1 kg',139,NULL),(3765,'STCPA000002004822608','02/11/2020','Valeria Losciale',' via Sergio Cosmai, 27  | 76011 Bisceglie BT\n Note:','76011','n.a.','n.a n.a n.a','2 / 2 kg',139,NULL),(3766,'STCPA000002004829167','02/11/2020','Giusi Bucci',' Corso Don Luigi Sturzo 126  | 76125 Trani BT\nNote:3 piano','76125','n.a.','n.a n.a n.a','2 / 5 kg',139,NULL),(3767,'STCPA000002004822608','02/11/2020','Valeria Losciale',' via Sergio Cosmai, 27  | 76011 Bisceglie BT\n Note:','76011','n.a.','n.a n.a n.a','2 / 2 kg',139,NULL),(3768,'STCPA000002004829564','02/11/2020','Monica Tursi',' Via Francesco Cilea 46  | 76125 Trani BT\n Note:','76125','n.a.','n.a n.a n.a','1 / 2 kg',139,NULL),(3769,'STCPA000002004840506','02/11/2020','giuseppe cavuoto',' via bagnatoio 6/c  | 70033 corato BA\n Note:','70033','n.a.','n.a n.a n.a','1 / 2 kg',139,NULL),(3770,'STCPA000002004829022','02/11/2020','Maria Chiara Lima',' Via ragazzi del 99 / 33  | 76125 Trani BT\n Note:','76125','n.a.','n.a n.a n.a','1 / 2 kg',139,NULL),(3771,'STCPA000002004823205','02/11/2020','Ezia Scaringi',' Via Polonia,48  | 76125 Trani BT\nNote:Primo piano','76125','n.a.','n.a n.a n.a','1 / 2 kg',139,NULL),(3772,'STCPA000002004823664','02/11/2020','Nicola Landriscina',' Giuseppe di vittorio 72  | 76011 Bisceglie BT\n Note:','76011','n.a.','n.a n.a n.a','1 / 2 kg',139,NULL),(3773,'STCPA000002004838004','02/11/2020','Lucamattia Barile',' Via bovio 155  | 76125 Trani BT\n Note:','76125','n.a.','n.a n.a n.a','1 / 2 kg',139,NULL),(3774,'STCPA000002004813282','02/11/2020','Maria Ricchitelli',' Via Matteo R. Imbriani 135  | 76011 Bisceglie BT\n Note:','76011','n.a.','n.a n.a n.a','1 / 2 kg',139,NULL),(3775,'STCPA000002006372158','02/11/2020','PINA D ORIA',' VIA CARDUCCI 33  | 70033 CORATO BA\nNote:PRODOTTI','70033','n.a.','n.a n.a n.a','1 / 1 kg',139,NULL),(3776,'STCPZ000002006020340','02/11/2020','Maria Stefania Spallucci',' Via Umberto 254  | 76125 TRANI BT\n Note:','76125','n.a.','n.a n.a n.a','1 / 1 kg',139,NULL),(3777,'STCPA000002004831263','02/11/2020','Valeria lastella',' Strada Esterna Regio Bosco Comunale 32 A  |\n Note:','70033','n.a.','n.a n.a n.a','1 / 1 kg',139,NULL),(3778,'STCPA000002006425983','02/11/2020','Chiara FORCHIGNONE',' Via G. Bovio 470/A  | 76011 BISCEGLIE BT\n Note:','76011','n.a.','n.a n.a n.a','1 / 1 kg',139,NULL),(3779,'STCPA000002004817501','02/11/2020','Stefania Nunziante',' Presso c/o Autoaccessori via Pietro Badiglio, 16\n Note:','76125','n.a.','n.a n.a n.a','1 / 2 kg',139,NULL),(3780,'STCPA000002004822933','02/11/2020','Marianna Lattanzio',' Viale Russia 41  | 76125 Trani BT\n Note:','76125','n.a.','n.a n.a n.a','1 / 2 kg',139,NULL),(3781,'STCPA000002004824727','02/11/2020','Noemi Mangione',' Via Avvocato Vittorio Malcangi, 141C  | 76125\n Note:','76125','n.a.','n.a n.a n.a','1 / 2 kg',139,NULL),(3782,'STCPA000002004837998','02/11/2020','Carolina Lasorsa',' Via Polvere delle Rose 1/A  | 70033 Corato BA\n Note:','70033','n.a.','n.a n.a n.a','1 / 2 kg',139,NULL),(3783,'STCPA000002004823756','02/11/2020','Federica Paradiso',' Viale Europa 69  | 76125 Trani BT\n Note:','76125','n.a.','n.a n.a n.a','1 / 2 kg',139,NULL),(3784,'STCPA000002004822717','02/11/2020','Francesco Ardizzone',' Via ragazzi del 99 n 33  | 76125 Trani BT\n Note:','76125','n.a.','n.a n.a n.a','1 / 2 kg',139,NULL),(3785,'STCPA000002004824663','02/11/2020','Anna Rita Caccavo',' Via Fratelli Cervi 6  | 70033 Corato BA\n Note:','70033','n.a.','n.a n.a n.a','1 / 2 kg',139,NULL),(3786,'STCPZ000002007550725','02/11/2020','Marco La notte',' Via vecchia corato. 99  | 76011 BISCEGLIE BT\nNote:BO200NS002X2-AWS3 x1','76011','n.a.','n.a n.a n.a','1 / 2 kg',139,NULL),(3787,'STCPZ000002007551705','02/11/2020','Marco La notte',' Via vecchia corato. 99  | 76011 BISCEGLIE BT\nNote:BO200NS002X2-AWS3 x1','76011','n.a.','n.a n.a n.a','1 / 2 kg',139,NULL),(3788,'STCPZ000002006488552','02/11/2020','PATRUNO DOMENICA',' Via Dante Alighieri, 10  | 70033 CORATO BA\nNote:BO180DG001X1 x1','70033','n.a.','n.a n.a n.a','1 / 2 kg',139,NULL),(3789,'STCPA000002004824117','02/11/2020','Federica Paradiso',' Viale Europa 69  | 76125 Trani BT\n Note:','76125','n.a.','n.a n.a n.a','1 / 2 kg',139,NULL),(3790,'STCPZ000002006487965','02/11/2020','Sforza Paola',' contrada torre nuova 1 numero 11  | 70033\nNote:BO200EP002X2-AWS2 x1','70033','n.a.','n.a n.a n.a','1 / 2 kg',139,NULL),(3791,'STCPA000002006432395','02/11/2020','DI TERLIZZI MARIA',' CORSO UMBERTO PRIMO 69  | 76011 Bisceglie\n Note:','76011','n.a.','n.a n.a n.a','1 / 2 kg',139,NULL),(3792,'STCPZ000002007529663','02/11/2020','Marco La notte',' Via vecchia corato. 99  | 76011 BISCEGLIE BT\nNote:Tel: 3335723094','76011','n.a.','n.a n.a n.a','1 / 2 kg',139,NULL),(3793,'STCPA000002004826746','02/11/2020','Lina Leoncavallo',' Strada san pietro 97  | 76011 Bisceglie BT\n Note:','76011','n.a.','n.a n.a n.a','1 / 2 kg',139,NULL),(3794,'STCPA000002004822183','02/11/2020','Anna Rita Caccavo',' Via Fratelli Cervi 6  | 70033 Corato BA\n Note:','70033','n.a.','n.a n.a n.a','1 / 2 kg',139,NULL),(3795,'STCPA000002004838122','02/11/2020','Angelica Mazzone',' Via anna magnani 3/A  | 76011 Bisceglie BT\n Note:','76011','n.a.','n.a n.a n.a','1 / 1 kg',139,NULL),(3796,'STCPA000002004825160','02/11/2020','Elena Savona',' Via San Giorgio 60, TRANI, BT  | 76125 Trani BT\n Note:','76125','n.a.','n.a n.a n.a','1 / 2 kg',139,NULL),(3797,'STCPZ000002007528931','02/11/2020','Aldo Quinto',' Via mercato, 20  | 70033 CORATO BA\nNote:Tel: 3477798732','70033','n.a.','n.a n.a n.a','1 / 2 kg',139,NULL),(3798,'STCPZ000002007528183','02/11/2020','marianna lotito',' via guido reni 22  | 70033 CORATO BA\nNote:mxp-6168-2-1-400001-29--1--...','70033','n.a.','n.a n.a n.a','1 / 1 kg',139,NULL),(3799,'STCPZ000002006481341','02/11/2020','MARIA GRAZIA FUSCO',' VIA GIOVANNI BOVIO 176  | 76125 TRANI BT\n Note:','76125','n.a.','n.a n.a n.a','1 / 5 kg',139,NULL),(3800,'STCPA000002007526355','02/11/2020','Rosalinda Granieri',' Via Trani 38  | 70033 Corato BA\n Note:','70033','n.a.','n.a n.a n.a','1 / 1 kg',139,NULL),(3801,'STCPA000002004831270','02/11/2020','Maria Stefania Palumbo',' Via Giuseppe de Robertis, 88, Trani, Province of\nNote:Alla c. att. Salvatore del piano','76125','n.a.','n.a n.a n.a','1 / 2 kg',139,NULL),(3802,'STCPA000002004838260','02/11/2020','Angela Fiorente',' Via Canonico Indellicati n45  | 70023 Gioia\nNote:Scala 45 1piano','70023','n.a.','n.a n.a n.a','1 / 1 kg',140,NULL),(3803,'STCPA000002004818116','02/11/2020','Bussolini Design Spa\nRosanna Modugno',' Via Federico II DI SVEVIA km 35,450  | 70023\nNote:','70023','n.a.','n.a n.a n.a','1 / 2 kg',140,NULL),(3804,'STCPA000002004823360','02/11/2020','Maria Vitobello',' Via giovanni pascoli 120  | 76121 Barletta BT\n Note:','76121','n.a.','n.a n.a n.a','1 / 1 kg',141,NULL),(3805,'STCPA000002004827323','02/11/2020','Antonia Ines Rizzi',' Viale Giovanni Falcone e Paolo Borsellino 85  |\n Note:','76121','n.a.','n.a n.a n.a','1 / 1 kg',141,NULL),(3806,'STCPA000002004822665','02/11/2020','Marco Marzocca',' P.zza federico di svevia n.9  | 76121 Barletta BT\n Note:','76121','n.a.','n.a n.a n.a','1 / 1 kg',141,NULL),(3807,'STCPA000002004823008','02/11/2020','Eleonora Porcelluzzi',' Via Giuseppe Palmitessa 58  | 76121 Barletta BT\n Note:','76121','n.a.','n.a n.a n.a','1 / 2 kg',141,NULL),(3808,'STCPZ000002005890983','02/11/2020','SCOMMEGNA TERESA',' VIA CESARE DANTE CIOCE 21  | 76121\n Note:','76121','n.a.','n.a n.a n.a','1 / 1 kg',141,NULL),(3809,'STCPA000002006243475','02/11/2020','ELECTRONIC CAR DI\nPORCELLI PAO',' VIA CARSO 26  | 76121 BARLETTA BT\nNote:','76121','n.a.','n.a n.a n.a','1 / 1 kg',141,NULL),(3810,'STCPA000002007549874','02/11/2020','Lucia Dilillo',' Via Madonna Della Croce 12  | 76121 Barletta\nNote:se assente lasciare al Negozio','76121','n.a.','n.a n.a n.a','1 / 1 kg',141,NULL),(3811,'STCPZ000002007558271','02/11/2020','PAMELA MONTENEGRO',' Via Dei Salici, 28  | 76121 BARLETTA BT\nNote:Crema biorivitalizzante vis...','76121','n.a.','n.a n.a n.a','1 / 1 kg',141,NULL),(3812,'STCPA000002004827204','02/11/2020','Bar Revival',' Via dei mandorli,13  | 76121 Barletta BT\n Note:','76121','n.a.','n.a n.a n.a','1 / 1 kg',141,NULL),(3813,'STCPA000002004819310','02/11/2020','Carmela Lanotte',' Via delle industrie 87  | 76121 Barletta BT\nNote:( SCURO ACCESSORI)','76121','n.a.','n.a n.a n.a','1 / 2 kg',141,NULL),(3814,'STCPA000002004827259','02/11/2020','Vittoria Sernia',' Via Baccarini 31  | 76121 Barletta BT\n Note:','76121','n.a.','n.a n.a n.a','1 / 2 kg',141,NULL),(3815,'STCPA000002004828250','02/11/2020','Simona Parisi',' Via medaglie d?oro 25  | 76121 Barletta BT\n Note:','76121','n.a.','n.a n.a n.a','1 / 2 kg',141,NULL),(3816,'STCPA000002006243467','02/11/2020','ELECTRONIC CAR DI\nPORCELLI PAO',' VIA CARSO 26  | 76121 BARLETTA BT\nNote:','76121','n.a.','n.a n.a n.a','1 / 1 kg',141,NULL),(3817,'STCPZ000002007544068','02/11/2020','Maria Pia Porcelluzzi',' Via Ferdinando d?Aragona,103  | 76121 Barletta\nNote:Nuova Pierre Tessili luned mattina','76121','24.99','CONTANTI ASSEGNO POS','1 / 1 kg',141,NULL),(3818,'STCPZ000002007528354','02/11/2020','SERENA GARGANO',' VIA CESARE BECCARIA 12  | 76121 BARLETTA\nNote:ATTENZIONE - MERCE FRAGILE','76121','n.a.','n.a n.a n.a','1 / 1 kg',141,NULL),(3819,'STCPA000002096916096','02/11/2020','Ilaria Cortellino',' Via Pappalettere 58  | 76121 Barletta BT\n Note:','76121','n.a.','n.a n.a n.a','1 / 1 kg',141,NULL),(3820,'STCPA000002004829754','02/11/2020','Leonarda Pistillo',' Via girondi 66  | 76121 Barletta BT\n Note:','76121','n.a.','n.a n.a n.a','1 / 2 kg',141,NULL),(3821,'STCPA000002004824120','02/11/2020','Claudia Doronzo',' Via degli orti  | 76121 Barletta BT\nNote:23','76121','n.a.','n.a n.a n.a','1 / 2 kg',141,NULL),(3822,'STCPA000002004831370','02/11/2020','cinzia colaprice',' Via della Misericordia 78  | 76121 Barletta BT\nNote:presso HOTEL LA TERRAZZA','76121','n.a.','n.a n.a n.a','1 / 2 kg',141,NULL),(3823,'STCPA000002004834299','02/11/2020','Liliana Dicandia',' Via Madonna della Croce, 36  | 76121 Barletta\n Note:','76121','n.a.','n.a n.a n.a','1 / 1 kg',141,NULL),(3824,'STCPA000002004829568','02/11/2020','Chiara Dinoia',' Via GIACOMO CORCELLA n.23  | 76121 Barletta\nNote:N.23 citofono dinoia/ balestrucci','76121','n.a.','n.a n.a n.a','1 / 2 kg',141,NULL),(3825,'STCPA000002004821575','02/11/2020','Annalisa Doronzo',' Via Samuelli,47  | 76121 Barletta BT\n Note:','76121','n.a.','n.a n.a n.a','1 / 2 kg',141,NULL),(3826,'STCPA000002004822161','02/11/2020','Grazia Mazzocca',' Via Giuseppe De Nittis  | 76121 Barletta BT\nNote:37','76121','n.a.','n.a n.a n.a','1 / 2 kg',141,NULL),(3827,'STCPA000002004829701','02/11/2020','Roberta Grande',' Via Fraggianni 3  | 76121 Barletta BT\n Note:','76121','n.a.','n.a n.a n.a','1 / 2 kg',141,NULL),(3828,'STCPA000002004823761','02/11/2020','Claudia Doronzo',' Via degli orti  | 76121 Barletta BT\nNote:23','76121','n.a.','n.a n.a n.a','1 / 5 kg',141,NULL),(3829,'STCPA000002004825087','02/11/2020','Bar Green Space Luisa\nCaputo',' Via don michele tat  | 76121 Barletta BT\nNote:','76121','n.a.','n.a n.a n.a','1 / 5 kg',141,NULL),(3830,'STCPA000002004835496','02/11/2020','eleonora giglio',' Via alvisi 16  | 76121 barletta BT\n Note:','76121','n.a.','n.a n.a n.a','2 / 2 kg',141,NULL),(3831,'STCPA000002004829747','02/11/2020','Francesco Capuano',' Via Madonna degli Angeli 27  | 76121 Barletta\n Note:','76121','n.a.','n.a n.a n.a','1 / 2 kg',141,NULL),(3832,'STCPA000002004836564','02/11/2020','Angela Roggio',' Via del Lavoro, 1, 76121 Barletta BT, Italia  |\n Note:','76121','n.a.','n.a n.a n.a','1 / 5 kg',141,NULL),(3833,'STCPA000002004823288','02/11/2020','Marida Baldini',' Via cialdini 39  | 76121 Barletta BT\n Note:','76121','n.a.','n.a n.a n.a','1 / 2 kg',141,NULL),(3834,'STCPA000002007542819','02/11/2020','Stefano Schiavone',' Viale Delle Belle Arti 47 / F  | 76121 Barletta BT\n Note:','76121','n.a.','n.a n.a n.a','1 / 1 kg',141,NULL),(3835,'STCPA000002007531600','02/11/2020','Laporta Domenico',' Via Enrico Fermi, 30  | 76121 Barletta BT\n Note:','76121','n.a.','n.a n.a n.a','1 / 1 kg',141,NULL),(3836,'STCPZ000002006159522','02/11/2020','Mariano Daloiso',' Via Petrarca 116  | 76121 BARLETTA BT\n Note:','76121','n.a.','n.a n.a n.a','1 / 1 kg',141,NULL),(3837,'STCPZ000002007522930','02/11/2020','Michele Dibenedetto',' Viale Falcone E Borsellino 13/D  | 76121\n Note:','76121','n.a.','n.a n.a n.a','1 / 1 kg',141,NULL),(3838,'STCPA000002004829590','02/11/2020','Rebecca Cassano',' Via publio virgilio marone  | 76121 Barletta BT\nNote:17','76121','n.a.','n.a n.a n.a','1 / 2 kg',141,NULL),(3839,'STCPA000002004821735','02/11/2020','Laura Mennea',' Via Leontine De Nittis,6  | 76121 Barletta BT\n Note:','76121','n.a.','n.a n.a n.a','1 / 5 kg',141,NULL),(3840,'STCPA000002007539707','02/11/2020','MARCO RIZZI',' VIA DELLA QUERCIA,210  | 76121 Barletta BT\n Note:','76121','n.a.','n.a n.a n.a','1 / 1 kg',141,NULL),(3841,'STCPA000002004826544','02/11/2020','Alessandro Scagliarino',' Via pizzetti 11  | 76121 Barletta BT\n Note:','76121','n.a.','n.a n.a n.a','1 / 2 kg',141,NULL),(3842,'STCPA000002006465581','02/11/2020','Papeo Riccardo Paritec\n(Reparto Ricambi)',' Via Canosa 140  | 76121 BARLETTA BT\nNote:','76121','n.a.','n.a n.a n.a','1 / 1 kg',141,NULL),(3843,'STCPA000002004827193','02/11/2020','Alessandro Scagliarino',' Via pizzetti 11  | 76121 Barletta BT\n Note:','76121','n.a.','n.a n.a n.a','1 / 2 kg',141,NULL),(3844,'STCPA000002006469500','02/11/2020','MATERA NOEMI',' VIA TRIESTE 7  | 76121 Barletta BT\n Note:','76121','n.a.','n.a n.a n.a','1 / 10 kg',141,NULL),(3845,'STCPA000002004827805','02/11/2020','Matilde Manuti',' Via Pier delle vigne 7  | 76121 Barletta BT\n Note:','76121','n.a.','n.a n.a n.a','1 / 1 kg',141,NULL),(3846,'STCPA000002004822817','02/11/2020','Matilde Manuti',' Via Pier delle vigne 7  | 76121 Barletta BT\n Note:','76121','n.a.','n.a n.a n.a','1 / 2 kg',141,NULL),(3847,'STCPA000002004829736','02/11/2020','Micaela Bizzoca',' Viale Falcone e Borsellino 13  | 76121 Barletta\nNote:Scala C','76121','n.a.','n.a n.a n.a','1 / 1 kg',141,NULL),(3848,'STCPZ000002007506885','02/11/2020','Piero Attolico',' VIA SAVERIO MERCADANTE 18  | 76121\nNote:Pomeriggio Dalle 14:00 In Poi','76121','n.a.','n.a n.a n.a','1 / 2 kg',141,NULL),(3849,'STCPZ000002007550289','02/11/2020','Maria Ricco',' Via Paolo ricci 59  | 76121 BARLETTA BT\nNote:BO200MM001X2-AWS x1','76121','n.a.','n.a n.a n.a','1 / 2 kg',141,NULL),(3850,'STCPA000002004831298','02/11/2020','Vito Filannino',' Via Ofanto, 7, Barletta, Province of Barletta-\n Note:','76121','n.a.','n.a n.a n.a','1 / 2 kg',141,NULL),(3851,'STCPA000002007506216','02/11/2020','Michele Gorgoglione',' Via Vinvenzo Palmieri 6/D  | 76121 Barletta BT\n Note:','76121','n.a.','n.a n.a n.a','1 / 20 kg',141,NULL),(3852,'STCPA000002004813518','02/11/2020','Silvia Zagaria',' Via michele raffaele mauro 12  | 76121 Barletta\n Note:','76121','n.a.','n.a n.a n.a','1 / 1 kg',141,NULL),(3853,'STCPA000002004826912','02/11/2020','Anna Maria Campese',' Via don luigi filannino 26  | 76121 Barletta BT\n Note:','76121','n.a.','n.a n.a n.a','2 / 2 kg',141,NULL),(3854,'STCPA000002006478053','02/11/2020','PARITEC DI PAPEO\nRICCARDO',' VIA CANOSA, 140  | 76121 Barletta BT\nNote:','76121','n.a.','n.a n.a n.a','1 / 1 kg',141,NULL),(3855,'STCPA000002004826912','02/11/2020','Anna Maria Campese',' Via don luigi filannino 26  | 76121 Barletta BT\n Note:','76121','n.a.','n.a n.a n.a','2 / 2 kg',141,NULL),(3856,'STCPA000002006467540','02/11/2020','Filomeno Mauro Cavalliere','VIA GIOVANNI BOVIO, 6 | 76121 BARLETTA BT\n Note:','76121','n.a.','n.a n.a n.a','1 / 2 kg',141,NULL),(3857,'STCPA000002004825327','02/11/2020','marilisa Iionetti',' Via G. Pascoli 120  | 76121 Barletta BT\n Note:','76121','n.a.','n.a n.a n.a','1 / 2 kg',141,NULL),(3858,'STCPA000002004838276','02/11/2020','Maria Bruna Dibenedetto',' Via Spaventa, 64  | 70037 Ruvo di Puglia BA\n Note:','70037','n.a.','n.a n.a n.a','1 / 10 kg',142,NULL),(3859,'STCPZ000002007543312','02/11/2020','Carmela Romano',' Via Schiavi 10 1  | 70037 RUVO DI PUGLIA BA\n Note:','70037','n.a.','n.a n.a n.a','1 / 1 kg',142,NULL),(3860,'STCPA000002004829091','02/11/2020','Arcangela Lorusso',' Via pietro ravanas 29/a  | 70037 Ruvo Di Puglia\n Note:','70037','n.a.','n.a n.a n.a','1 / 2 kg',142,NULL),(3861,'STCPA000002007532761','02/11/2020','Vito Maino',' Via San Carlo 19  | 70037 Ruvo Di Puglia BA\nNote:aappartamento','70037','n.a.','n.a n.a n.a','1 / 2 kg',142,NULL),(3862,'STCPZ000002007536543','02/11/2020','Lucia Lovino',' Via rodolfo morandi, 6  | 70037 Ruvo di puglia\nNote:Lovino lotito','70037','29.99','CONTANTI ASSEGNO POS','1 / 1 kg',142,NULL),(3863,'STCPZ000002007505927','02/11/2020','Roberto Contalbo',' Via Francesco Porto, 10  | 70037 RUVO DI\nNote:Tel: 3209263405','70037','n.a.','n.a n.a n.a','1 / 2 kg',142,NULL),(3864,'STCPA000002004836963','02/11/2020','Rossella Malerba',' Piazza 4 novembre 14  | 70038 Terlizzi BA\n Note:','70038','n.a.','n.a n.a n.a','1 / 2 kg',142,NULL),(3865,'STCPA000002004831138','02/11/2020','Francesco Montaruli',' Zona Calendano I^ Traversa 11/I  | 70037 Ruvo\n Note:','70037','n.a.','n.a n.a n.a','1 / 2 kg',142,NULL),(3866,'STCPA000002004820776','02/11/2020','Flavia Fiore',' Piazza F. Cavallotti 6  | 70037 Ruvo di Puglia BA\n Note:','70037','n.a.','n.a n.a n.a','1 / 2 kg',142,NULL),(3867,'STCPA000002004819582','02/11/2020','Alessia Campanale',' Vico II monsignor Andrea Taccone n.1  | 70037\n Note:','70037','n.a.','n.a n.a n.a','1 / 2 kg',142,NULL),(3868,'STCPZ000002007506149','02/11/2020','KOBEA DANIEL',' KOBEADANIEL@USA. COM  | 70037 RUVO DI\n Note:','70037','n.a.','n.a n.a n.a','1 / 5 kg',142,NULL),(3869,'STCPA000002096622143','02/11/2020','Isabella De Fano',' Via Bari, 177  | 70010 Valenzano BA\n Note:','70010','n.a.','n.a n.a n.a','1 / 2 kg',143,NULL),(3870,'STCPA000002004817610','02/11/2020','Majra Deleonardis',' Piscina nuova n1  | 70010 Adelfia BA\nNote:Palazzina H secondo piano','70010','n.a.','n.a n.a n.a','1 / 1 kg',143,NULL),(3871,'STCPZ000002007527658','02/11/2020','Maria Simona stragapede',' Via San carlo 22  | 70010 Capurso BA\n Note:','70010','n.a.','n.a n.a n.a','1 / 1 kg',143,NULL),(3872,'STCPZ000002007586188','02/11/2020','Potere Francesco',' Via Neviera 19  | 70010 CAPURSO BA\nNote:CONSEGNA URGENTE','70010','n.a.','n.a n.a n.a','1 / 1 kg',143,NULL),(3873,'STCPA000002007522831','02/11/2020','NUNZIO CASA DI BARI',' TRAV. VIA BACHELET 19  | 70010 Adelfia BA\nNote:RG1687','70010','n.a.','n.a n.a n.a','1 / 1 kg',143,NULL),(3874,'STCPZ000002007536312','02/11/2020','Mastrangelo Maria',' Via Berlino, 4  | 70017 Putignano BA\nNote:Mastrangelo Maria','70017','29.99','CONTANTI ASSEGNO POS','1 / 1 kg',144,NULL),(3875,'STCPA000002007548824','02/11/2020','FRANCESCO\nMARTELLOTTA',' CONTRADA BOSCO SELVA 28  | 70011\nNote:','70011','n.a.','n.a n.a n.a','1 / 1 kg',144,NULL),(3876,'STCPA000002007530648','02/11/2020','Angela Ventrella',' Alessandro Piccirilli 29  | 70017 Putignano BA\n Note:','70017','n.a.','n.a n.a n.a','1 / 2 kg',144,NULL),(3877,'STCPA000002004835661','02/11/2020','noemi roscino',' via polignano 3,farmacia centro  | 70014\nNote:farmacia centro','70014','n.a.','n.a n.a n.a','1 / 1 kg',144,NULL),(3878,'STCPA000002004829595','02/11/2020','Marta Centrone',' Via selva di fasano 12  | 70013 Castellana\nNote:Deposito','70013','n.a.','n.a n.a n.a','1 / 1 kg',144,NULL),(3879,'STCPA000002004824692','02/11/2020','Maria Claudia Lopriore',' Via roma 3,5  | 70017 Putignano BA\n Note:','70017','n.a.','n.a n.a n.a','1 / 1 kg',144,NULL),(3880,'STCPZ000002006497625','02/11/2020','VALERIO ANTONIO\nBALLARINO',' VIA STANISLAO L ABBATE 7  | 70044\nNote:','70044','n.a.','n.a n.a n.a','1 / 2 kg',144,NULL),(3881,'STCPA000002006427281','02/11/2020','Carla Simonetta Di Dio\nTribes Store',' Via Conversano, 87  | 70013 CASTELLANA\nNote:','70013','n.a.','n.a n.a n.a','1 / 1 kg',144,NULL),(3882,'STCPA000002007525929','02/11/2020','Palma Rosa Fiume',' Palmiro Togliatti, 34  | 70044 Polignano a Mare\n Note:','70044','25.40','CONTANTI n.a POS','1 / 1 kg',144,NULL),(3883,'STCPA000002006243393','02/11/2020','PAOLO DI MASI & C. SNC\nPAOLO DI MASI & C. SNC',' STRADA PROVINCIALE DI TURI 8  | 70013\nNote:','70013','n.a.','n.a n.a n.a','1 / 1 kg',144,NULL),(3884,'STCPZ000002007559291','02/11/2020','MARIA CHIARA\nMESSA(evitare consegne',' VIA CHIANTERA, 3  | 70044 POLIGNANO A\nNote:','70044','n.a.','n.a n.a n.a','1 / 1 kg',144,NULL),(3885,'STCPA000002007565120','02/11/2020','Giuseppe Lanotte',' Via Luigi Longo, 27  | 70044 Polignano A Mare\n Note:','70044','n.a.','n.a n.a n.a','1 / 1 kg',144,NULL),(3886,'STCPA000002096597216','02/11/2020','Carla Ventrella','VIA BARI, 16 | 70014 CONVERSANO BA\nNote:Scala B','70014','n.a.','n.a n.a n.a','1 / 1 kg',144,NULL),(3887,'STCPA000002004824562','02/11/2020','Antonio Dalena',' Via leonardo da vinci 31/c  | 70015 Noci BA\nNote:3 piano','70015','n.a.','n.a n.a n.a','1 / 1 kg',144,NULL),(3888,'STCPA000002096614277','02/11/2020','Gianfranco Carone','VIA PARCO DEL LAURO, 40 | 70044 POLIGNANO\n Note:','70044','n.a.','n.a n.a n.a','1 / 2 kg',144,NULL),(3889,'STCPA000002004832302','02/11/2020','Giorgia Panettieri',' Via giambattista vico 46  | 70013 Castellana\nNote:Il mulino','70013','n.a.','n.a n.a n.a','1 / 1 kg',144,NULL),(3890,'STCPA000002004831772','02/11/2020','Carola Lucchese',' Via Napoleone Bonaparte 24  | 70017 Putignano\n Note:','70017','n.a.','n.a n.a n.a','1 / 2 kg',144,NULL),(3891,'STCPA000002004824599','02/11/2020','Marcella Mauriello',' Via Natale Castrignano Maestro 1  | 70015 Noci\n Note:','70015','n.a.','n.a n.a n.a','1 / 1 kg',144,NULL),(3892,'STCPA000002004835548','02/11/2020','Alessia Mastronardi',' Via del Lago n.12  | 70013 Castellana Grotte BA\n Note:','70013','n.a.','n.a n.a n.a','1 / 2 kg',144,NULL),(3893,'STCPA000002004828251','02/11/2020','Elisabetta Polignano',' viale c colombo 23  | 70017 Putignano BA\n Note:','70017','n.a.','n.a n.a n.a','1 / 2 kg',144,NULL),(3894,'STCPA000002004830727','02/11/2020','Ilaria De luca',' Contrada fontana  | 70014 Conversano BA\n Note:','70014','n.a.','n.a n.a n.a','1 / 5 kg',144,NULL),(3895,'STCPA000002004812029','02/11/2020','Moira Vannaroni',' Via Don Luigi Sturzo, 100, 70044 Polignano A\nNote:Lavasecco 2000','70044','n.a.','n.a n.a n.a','1 / 2 kg',144,NULL),(3896,'STCPA000002004822079','02/11/2020','Isabella Caruso',' Via Macello Vecchio 14  | 70013 Castellana\n Note:','70013','n.a.','n.a n.a n.a','1 / 2 kg',144,NULL),(3897,'STCPA000002004818205','02/11/2020','Antonia Grassi',' C.da monte olimpo 13/b  | 70011 Alberobello\n Note:','70011','n.a.','n.a n.a n.a','1 / 2 kg',144,NULL),(3898,'STCPA000002006131314','02/11/2020','FRANCESCO CONFORTI',' VIA TOMASSO FIORE 7  | 70015 NOCI BA\nNote:REVIAUTO SRL','70015','n.a.','n.a n.a n.a','1 / 1 kg',144,NULL),(3899,'STCPA000002007531044','02/11/2020','CASTELLANA GIUSEPPE',' Via Padre Giovanni Lerario, 6  | 70017\nNote:K4-0QD0-FBG7 Dentaid Collut...','70017','n.a.','n.a n.a n.a','1 / 1 kg',144,NULL),(3900,'STCPA000002004827096','02/11/2020','Maria Galluzzi',' Via Gramsci , 24  | 70044 Polignano A Mare BA\n Note:','70044','n.a.','n.a n.a n.a','1 / 1 kg',144,NULL),(3901,'STCPA000002004822587','02/11/2020','Maria Semerano',' Via noci 157  | 70017 Putignano BA\n Note:','70017','n.a.','n.a n.a n.a','1 / 1 kg',144,NULL),(3902,'STCPA000002004817565','02/11/2020','Caterina Valente',' Via piazza garibaldi 34  | 70013 Castellana\n Note:','70013','n.a.','n.a n.a n.a','1 / 2 kg',144,NULL),(3903,'STCPA000002004818455','02/11/2020','carla piccarreta',' via f.palvisino ,14  | 70017 putignano BA\n Note:','70017','n.a.','n.a n.a n.a','2 / 5 kg',144,NULL),(3904,'STCPA000002004830313','02/11/2020','Pamela Fauzzi',' via Fosse Ardeatine n.10  | 70015 Noci BA\n Note:','70015','n.a.','n.a n.a n.a','1 / 2 kg',144,NULL),(3905,'STCPA000002004822617','02/11/2020','ANNA PANNACCIULLI',' VIA S. DE BELLIS, 4  | 70013 CASTELLANA\n Note:','70013','n.a.','n.a n.a n.a','1 / 5 kg',144,NULL),(3906,'STCPA000002004829060','02/11/2020','Nicola Benedetti',' Via dante alighieri 20  | 70044 Polignano A\n Note:','70044','n.a.','n.a n.a n.a','1 / 2 kg',144,NULL),(3907,'STCPA000002004835304','02/11/2020','Gilda Caracciolo',' Piazza San Benedetto 49  | 70044 Polignano A\nNote:Caff Serafini','70044','n.a.','n.a n.a n.a','1 / 2 kg',144,NULL),(3908,'STCPA000002004829527','02/11/2020','Elena Ciasca',' Via agostino cal 2G  | 70044 Polignano A\n Note:','70044','n.a.','n.a n.a n.a','1 / 2 kg',144,NULL),(3909,'STCPA000002004811075','02/11/2020','Tania Recchia',' Via Michelangelo Buonarroti 30  | 70013\nNote:Associazione Logos Fts','70013','n.a.','n.a n.a n.a','1 / 5 kg',144,NULL),(3910,'STCPA000002004826731','02/11/2020','Giulia Guerra',' via Grotte  | 70013 Castellana Grotte BA\nNote:43/D','70013','n.a.','n.a n.a n.a','1 / 1 kg',144,NULL),(3911,'STCPA000002007503832','02/11/2020','EDOARDO MACCHIA',' VIA PIRANDELLO 72  | 70014 Conversano BA\n Note:','70014','n.a.','n.a n.a n.a','1 / 1 kg',144,NULL),(3912,'STCPA000002004813996','02/11/2020','Stefania Castellana',' Via Capitano Mario Laterza 17  | 70017\n Note:','70017','n.a.','n.a n.a n.a','1 / 1 kg',144,NULL),(3913,'STCPA000002004827070','02/11/2020','Annachiara Di Palma',' Via pietro nenni, n.6  | 70044 Polignano A Mare\n Note:','70044','n.a.','n.a n.a n.a','1 / 2 kg',144,NULL),(3914,'STCPA000002004818455','02/11/2020','carla piccarreta',' via f.palvisino ,14  | 70017 putignano BA\n Note:','70017','n.a.','n.a n.a n.a','2 / 5 kg',144,NULL),(3915,'STCPA000002004824787','02/11/2020','Antonio Dalena',' Via leonardo da vinci 31/c  | 70015 Noci BA\nNote:3 piano','70015','n.a.','n.a n.a n.a','1 / 2 kg',144,NULL),(3916,'STCPA000002004825172','02/11/2020','Mary Gentile',' Via Giovanni Paisiello, 15  | 70015 Noci BA\n Note:','70015','n.a.','n.a n.a n.a','1 / 5 kg',144,NULL),(3917,'STCPZ000002007525187','02/11/2020','Michele  Mastronardi',' Via G. Di Vittorio  10  | 70044 POLIGNANO A\nNote:10 - Info: support@speedd.net','70044','44.98','CONTANTI n.a POS','1 / 1 kg',144,NULL),(3918,'STCPA000002004821314','02/11/2020','Paolo Netti',' Zona A 29/12  | 70015 Noci BA\n Note:','70015','n.a.','n.a n.a n.a','1 / 1 kg',144,NULL),(3919,'STCPA000002004835479','02/11/2020','Arianna Maiellaro',' via papa Giovanni XXIII n.12  | 70044 Polignano\n Note:','70044','n.a.','n.a n.a n.a','1 / 5 kg',144,NULL),(3920,'STCPA000002004817879','02/11/2020','nunzia miccolis',' via angelo coletta 6  | 70014 Conversano BA\n Note:','70014','n.a.','n.a n.a n.a','1 / 2 kg',144,NULL),(3921,'STCPA000002004834722','02/11/2020','Majkell Mema',' Via Materdomini 57  | 70013 Castellana Grotte\n Note:','70013','n.a.','n.a n.a n.a','1 / 2 kg',144,NULL),(3922,'STCPA000002004826846','02/11/2020','Viviana Romanazzi',' Via Messer Zaccaria 8  | 70044 Polignano a\n Note:','70044','n.a.','n.a n.a n.a','1 / 2 kg',144,NULL),(3923,'STCPA000002007554311','02/11/2020','ANGELA RENNA C/O\nEDILCERAM SRL',' VIA EMILIO SABA ,2  | 70014 CONVERSANO BA\nNote:','70014','n.a.','n.a n.a n.a','1 / 2 kg',144,NULL),(3924,'STCPZ000002006482241','02/11/2020','SIG.RA CAR\nGIANNOCCARO',' VIA IV NOVEMBRE, 24/26  | 70044 POLIGNANO\nNote:','70044','100.0','CONTANTI ASSEGNO POS','1 / 2 kg',144,NULL),(3925,'STCPZ000002007525635','02/11/2020','Antonella Ivone',' D.aversa 45  | 70011 ALBEROBELLO BA\nNote:45 - Info: support@speedd.net','70011','74.98','CONTANTI n.a POS','1 / 1 kg',144,NULL),(3926,'STCPA000002004827016','02/11/2020','Anna Di Palma',' Via L.il Magnifico 37/f  | 70014 Conversano BA\n Note:','70014','n.a.','n.a n.a n.a','1 / 2 kg',144,NULL),(3927,'STCPA000002004822070','02/11/2020','Mary sportelli',' via san luigi guanella, 1  | 70011 alberobello BA\n Note:','70011','n.a.','n.a n.a n.a','1 / 2 kg',144,NULL),(3928,'STCPA000002004826680','02/11/2020','Mariangela Agrusti',' Via Marco Lacatena 16  | 70011 Alberobello BA\n Note:','70011','n.a.','n.a n.a n.a','1 / 2 kg',144,NULL),(3929,'STCPZ000002007525632','02/11/2020','Giovanni Putignano',' Via Madonna della grotta 6  | 7OO13\nNote:6 - Info: support@speedd.net','7OO13','54.98','CONTANTI n.a POS','1 / 1 kg',144,NULL),(3930,'STCPA000002006478855','02/11/2020','Silvana Ignazzi',' Pietro Sbiroli N. 28  | 70017 Putignano BA\n Note:','70017','n.a.','n.a n.a n.a','1 / 2 kg',144,NULL),(3931,'STCPZ000002007552732','02/11/2020','Angela Lovece/Lovece\nCelestino',' Via Vecchia Putignano 2  | 70013 CASTELLANA\nNote:','70013','n.a.','n.a n.a n.a','1 / 1 kg',144,NULL),(3932,'STCPA000002004832128','02/11/2020','Marica Croce',' Via Cozze 25  | 70014 Conversano BA\n Note:','70014','n.a.','n.a n.a n.a','1 / 2 kg',144,NULL),(3933,'STCPA000002004829230','02/11/2020','Annachiara D?Onghia',' Via le Lamie 32  | 70015 Noci BA\n Note:','70015','n.a.','n.a n.a n.a','1 / 2 kg',144,NULL),(3934,'STCPZ000002006484158','02/11/2020','FARMACIA DOTT\nTROPEPE',' CDA CHIESA NUOVA NC  | 70044 POLIGNANO A\nNote:','70044','n.a.','n.a n.a n.a','1 / 2 kg',144,NULL),(3935,'STCPA000002004820448','02/11/2020','Luciana Stagno',' Contrada Monte San Michele 42  | 70014\nNote:6 interno','70014','n.a.','n.a n.a n.a','1 / 2 kg',144,NULL),(3936,'STCPA000002007583988','02/11/2020','FRANCESCO NOTARI\nSTEFANO',' VIALE VERDI 26/B  | 70017 PUTIGNANO BA\nNote:','70017','n.a.','n.a n.a n.a','1 / 1 kg',144,NULL),(3937,'STCPA000002006463925','02/11/2020','CALELLA PELLETTERIA\nVALIGERIA',' VIA DERNA 60  | 70017 Putignano BA\nNote:','70017','n.a.','n.a n.a n.a','1 / 2 kg',144,NULL),(3938,'STCPZ000002006484517','02/11/2020','GIGANTE GIOVANNI',' PRIMA TRAVERSA C.DA PUDICINO 19  | 70011\n Note:','70011','n.a.','n.a n.a n.a','1 / 2 kg',144,NULL),(3939,'STCPZ000002007534373','02/11/2020','Carmelo Ottobre',' III Trav Contrada Pudicino 9  | 70011\n Note:','70011','n.a.','n.a n.a n.a','1 / 1 kg',144,NULL),(3940,'STCPZ000002007506794','02/11/2020','Pierfrancesco Pagliarulo',' via del Convento, 24/a  | 70013 Castellana\n Note:','70013','n.a.','n.a n.a n.a','1 / 1 kg',144,NULL),(3941,'STCPZ000002006468586','02/11/2020','VITANTONIO RICCI',' CORSO VITT. EMANUELE 36  | 70011\n Note:','70011','n.a.','n.a n.a n.a','1 / 1 kg',144,NULL),(3942,'STCPZ000002007534298','02/11/2020','Zampa',' Via ghandi 129  | 70042 Polignano a mare BA\n Note:','70042','n.a.','n.a n.a n.a','1 / 1 kg',144,NULL),(3943,'STCPA000002004817578','02/11/2020','Majra Deleonardis',' Piscina nuova n1  | 70010 Adelfia BA\nNote:Palazzina H secondo piano','70010','n.a.','n.a n.a n.a','1 / 1 kg',145,NULL),(3944,'STCPA000002004828890','02/11/2020','Martina Piccolo',' Viale della Repubblica 10  | 70010 Valenzano\n Note:','70010','n.a.','n.a n.a n.a','1 / 1 kg',145,NULL),(3945,'STCPZ000002007506804','02/11/2020','Condominio\nPEPE/CARDONE',' Via Ugo la Malfa 21  | 70010 CAPURSO BA\nNote:','70010','33.98','CONTANTI n.a POS','1 / 1 kg',145,NULL),(3946,'STCPZ000002007568628','02/11/2020','Domenico Solito',' Via Carlo Alberto 192/E  | 70019 Triggiano BA\n Note:','70019','n.a.','n.a n.a n.a','1 / 1 kg',145,NULL),(3947,'STCPZ000002007551284','02/11/2020','Giuseppe de Gemmis',' Via Luigi Settembrini 77  | 70020 Bitritto BA\n Note:','70020','n.a.','n.a n.a n.a','1 / 1 kg',145,NULL),(3948,'STCPZ000002007536037','02/11/2020','Greta Caradonna',' Via Giacomo Puccini 13  | 70020 BITRITTO BA\nNote:Pantaloni Antipioggia Imper...','70020','n.a.','n.a n.a n.a','1 / 1 kg',145,NULL),(3949,'STCPA000002006218515','02/11/2020','Maria Teresa Esposito',' Via Magliano 28/B  | 70010 Capurso BA\nNote:CONCORDARE LA CONSEGNA CON IL','70010','39.40','CONTANTI n.a POS','1 / 1 kg',145,NULL),(3950,'STCPA000002007563538','02/11/2020','Giuseppina Mastrolia',' Via Pietro Nenni, 8  | 70019 Triggiano BA\nNote:AVVISARE TELEFONICAMENTE','70019','71.50','CONTANTI n.a POS','1 / 1 kg',145,NULL),(3951,'STCPA000002007576041','02/11/2020','Giovanni  Franco  Carlucci',' via  Monfalcone,  22  | 70010 ADELFIA BA\n Note:','70010','n.a.','n.a n.a n.a','1 / 1 kg',145,NULL),(3952,'STCPA000002007529202','02/11/2020','403-7805158-9353130\nFrancesco Ardito',' via umberto terracini 1  | 70010 CAPURSO BA\nNote:','70010','n.a.','n.a n.a n.a','1 / 1 kg',145,NULL),(3953,'STCPA000002007526331','02/11/2020','Vito Di Benedetto','BARI NUMERO, 40 | 70010 VALENZANO BA\n Note:','70010','n.a.','n.a n.a n.a','1 / 2 kg',145,NULL),(3954,'STCPA000002096917239','02/11/2020','Francesca Boffoli',' Via della Resistenza 8/c  | 70010 Adelfia BA\n Note:','70010','n.a.','n.a n.a n.a','1 / 1 kg',145,NULL),(3955,'STCPZ000002007535864','02/11/2020','settanni maria',' via enrico fermi 36  | 70019 TRIGGIANO BA\n Note:','70019','n.a.','n.a n.a n.a','1 / 1 kg',145,NULL),(3956,'STCPZ000002007535113','02/11/2020','Maria Buda',' Via Bachelet 36  | 70010 ADELFIA BA\nNote:Navi17857123','70010','29.98','CONTANTI n.a POS','1 / 1 kg',145,NULL),(3957,'STCPA000002004822122','02/11/2020','Nicolas Novelli',' Via imbriani 9  | 70019 Triggiano BA\n Note:','70019','n.a.','n.a n.a n.a','1 / 2 kg',145,NULL),(3958,'STCPA000002004823141','02/11/2020','Maria Antonietta Di Turi',' Via Montegrappa, 61, 70010 Adelfia BA, Italia  |\n Note:','70010','n.a.','n.a n.a n.a','1 / 2 kg',145,NULL),(3959,'STCPA000002004817630','02/11/2020','Fiorella De Todaro',' Piazza De Grecis 15  | 70010 Adelfia BA\n Note:','70010','n.a.','n.a n.a n.a','1 / 5 kg',145,NULL),(3960,'STCPA000002004833552','02/11/2020','Claudia Maggio',' Via capurso 98  | 70010 Valenzano BA\n Note:','70010','n.a.','n.a n.a n.a','1 / 2 kg',145,NULL),(3961,'STCPA000002004827288','02/11/2020','Giuseppe Perini',' Via Tommaso Campanella 31  | 70019\n Note:','70019','n.a.','n.a n.a n.a','1 / 2 kg',145,NULL),(3962,'STCPA000002004829308','02/11/2020','cristiana capobianco',' via bari 33  | 70010 capurso BA\n Note:','70010','n.a.','n.a n.a n.a','1 / 2 kg',145,NULL),(3963,'STCPA000002004829633','02/11/2020','Monica Vannini',' Via vito nicola manfredi,49  | 70010 Capurso BA\n Note:','70010','n.a.','n.a n.a n.a','1 / 2 kg',145,NULL),(3964,'STCPA000002004820716','02/11/2020','Teresa Donvito',' Via della Repubblica 26  | 70010 Adelfia BA\n Note:','70010','n.a.','n.a n.a n.a','1 / 2 kg',145,NULL),(3965,'STCPA000002007523317','02/11/2020','PAOLO ZUPA',' VIA LEOPARDI 6  | 70010 Valenzano BA\n Note:','70010','n.a.','n.a n.a n.a','1 / 1 kg',145,NULL),(3966,'STCPZ000002007542925','02/11/2020','SIG.RA ROS FANTASY\nHAIR DI FATO ROSA',' VIA MURAGLIE, 67  | 70010 VALENZANO BA\nNote:','70010','39.00','CONTANTI ASSEGNO POS','1 / 2 kg',145,NULL),(3967,'STCPZ000002007506630','02/11/2020','Anna Ambrosone',' VIA PIERO GOBETTI N. 5  | 70010 ADELFIA BA\n Note:','70010','n.a.','n.a n.a n.a','1 / 2 kg',145,NULL),(3968,'STCPZ000002007559322','02/11/2020','Rossella D?Al',' Via Rutigliano 50  | 70010 ADELFIA BA\nNote:The One Donna (x1)','70010','n.a.','n.a n.a n.a','1 / 1 kg',145,NULL),(3969,'STCPZ000002006068393','02/11/2020','Adriana Squeo',' via Torricella 57 c/o bar Blanche  | 70010\n Note:','70010','n.a.','n.a n.a n.a','1 / 1 kg',145,NULL),(3970,'STCPA000002007548146','02/11/2020','Soc. Coop. Sofifly',' Piazza Guglielmo Marconi, 49/50  | 70010\n Note:','70010','n.a.','n.a n.a n.a','1 / 1 kg',145,NULL),(3971,'STCPA000002007501890','02/11/2020','SEL COMPUTER',' VIA S.M. DELLA STELLA, 74  | 70010 Adelfia BA\n Note:','70010','n.a.','n.a n.a n.a','1 / 2 kg',145,NULL),(3972,'STCPA000002097399382','02/11/2020','STRADIVARIUS\nSTRADIVARIUS',' CONTRADA GIANNAVELLO LOCALITA CUTIZZA  |\nNote:','70019','n.a.','n.a n.a n.a','1 / 2 kg',145,NULL),(3973,'STCPZ000002007525496','02/11/2020','Michele Nitti',' Via san pietro 25  | 70010 CAPURSO BA\nNote:25 - Info: support@speedd.net','70010','49.98','CONTANTI n.a POS','1 / 1 kg',145,NULL),(3974,'STCPA000002004832661','02/11/2020','brigida servedio','VIA GIACOMO BRODOLINI, 22 | 70020 BITRITTO\n Note:','70020','n.a.','n.a n.a n.a','1 / 1 kg',145,NULL),(3975,'STCPZ000002007525065','02/11/2020','Vincenzo  Nichike',' Giovanni pascoli 23  | 70020 BITRITTO BA\nNote:23 - Info: support@speedd.net','70020','49.98','CONTANTI n.a POS','1 / 1 kg',145,NULL),(3976,'STCPA000002004825504','02/11/2020','Raffaella Leone',' Via C a dalla chiesa 40  | 70010 Adelfia BA\n Note:','70010','n.a.','n.a n.a n.a','1 / 2 kg',145,NULL),(3977,'STCPA000002007554305','02/11/2020','FRANCESCO DE MATTIA',' CORSO ITALIA 8 APPARTAMENTO  | 70010\nNote:APPARTAMENTO','70010','n.a.','n.a n.a n.a','1 / 2 kg',145,NULL),(3978,'STCPZ000002006487818','02/11/2020','Rita balena',' via giovanni laterza 10  | 70010 VALENZANO BA\nNote:I0164X2 x1','70010','n.a.','n.a n.a n.a','1 / 2 kg',145,NULL),(3979,'STCPZ000002007525205','02/11/2020','Monica Perijoc',' Padre pio di pietralcina  15  | 7002 BITRITTO BA\nNote:15 - Info: support@speedd.net','7002','50.98','CONTANTI n.a POS','1 / 1 kg',145,NULL),(3980,'STCPA000002004811100','02/11/2020','Valeria Carone',' Via Bari 293  | 70010 Valenzano BA\n Note:','70010','n.a.','n.a n.a n.a','1 / 2 kg',145,NULL),(3981,'STCPA000002004821432','02/11/2020','Panaro Caterina',' Ex ss 271 km 9+300 usc. Bitritto nord c/o\n Note:','70020','n.a.','n.a n.a n.a','1 / 2 kg',145,NULL),(3982,'STCPZ000002007535331','02/11/2020','ANGELA TESTA',' VIA SAN PIETRO 45  | 70010 CAPURSO BA\n Note:','70010','n.a.','n.a n.a n.a','1 / 1 kg',145,NULL),(3983,'STCPZ000002006488556','02/11/2020','Michele Martiradonna',' Via Tobagi, 24 70010 Adelfia (Bari) 1 piano  |\nNote:1 piano - BO300NS001X3-AWS2 x1','70010','n.a.','n.a n.a n.a','1 / 2 kg',145,NULL),(3984,'STCPZ000002006487968','02/11/2020','Schiavo domenica',' Via Dossetti 25  | 70010 ADELFIA BA\nNote:I0383x2 x1','70010','n.a.','n.a n.a n.a','1 / 2 kg',145,NULL),(3985,'STCPA000002006426088','02/11/2020','Gianmarco Carbonara',' Via Carlo Alberto 178/A  | 70019 Triggiano BA\n Note:','70019','n.a.','n.a n.a n.a','1 / 1 kg',145,NULL),(3986,'STCPA000002004830116','02/11/2020','Mariantonietta Genco',' Via Giosu Carducci 24  | 70010 Valenzano\n Note:','70010','n.a.','n.a n.a n.a','1 / 1 kg',145,NULL),(3987,'STCPA000002004812888','02/11/2020','Angela Ambrosi',' Via don lorenzo milani n.15  | 70020 Bitritto BA\n Note:','70020','n.a.','n.a n.a n.a','1 / 1 kg',145,NULL),(3988,'STCPA000002007527601','02/11/2020','4 TRADE S.R.L.',' V.Le Aldo Moro, 201 - 203 - 205  | 70019\nNote:chiamare prima della consegna','70019','n.a.','n.a n.a n.a','1 / 2 kg',145,NULL),(3989,'STCPA000002004813328','02/11/2020','Nicola Paparella',' Corso umberto I n.5  | 70010 Adelfia BA\n Note:','70010','n.a.','n.a n.a n.a','1 / 2 kg',145,NULL),(3990,'STCPZ000002007534368','02/11/2020','ROSARIA GIUFFRE',' VIA LUIGI PIRANDELLO 1  | 70010 VALENZANO\nNote:N. 1','70010','n.a.','n.a n.a n.a','1 / 1 kg',145,NULL),(3991,'STCPA000002007521704','03/11/2020','Rizzi Maria',' Via Borgo San Rocco 75  | 70010 Adelfia BA\nNote:Chiamare prima di consegnare','70010','n.a.','n.a n.a n.a','1 / 1 kg',145,NULL),(3992,'STCPZ000002005880951','01/11/2020','Lorenzo lonero',' Via Tommaso Fiore, 48 Capurso  | 70010 BARI\n Note:','70010','n.a.','n.a n.a n.a','1 / 1 kg',145,NULL),(3993,'STCPZ000002007506534','01/11/2020','Adriano francesco Ostuni',' Via tripoli 57  | 70010 Adelfia BA\n Note:','70010','n.a.','n.a n.a n.a','1 / 2 kg',145,NULL),(3994,'STCPA000002004823520','02/11/2020','Mariangela Sciancalepore',' Via podgora,3  | 76123 Andria BT\n Note:','76123','n.a.','n.a n.a n.a','1 / 1 kg',146,NULL),(3995,'STCPA000002004823531','02/11/2020','Mariangela Sciancalepore',' Via podgora,3  | 76123 Andria BT\nNote:Andria','76123','n.a.','n.a n.a n.a','1 / 1 kg',146,NULL),(3996,'STCPZ000002007536438','02/11/2020','Bucur elena',' Lambruschini, 9  | 76123 Andria BT\n Note:','76123','39.99','CONTANTI ASSEGNO POS','1 / 1 kg',146,NULL),(3997,'STCPA000002004808179','02/11/2020','MARIA ANNA\nBERARDINO',' Via Montesanto  | 76123 Andria BA\nNote:','76123','n.a.','n.a n.a n.a','1 / 1 kg',146,NULL),(3998,'STCPZ000002007536296','02/11/2020','Antonio melillo',' Via don Riccardo lotti, 190  | 76123 Andria BT\nNote:Sansonne teresa','76123','29.99','CONTANTI ASSEGNO POS','1 / 1 kg',146,NULL),(3999,'STCPA000002096917105','02/11/2020','Federica Del Giudice',' Viale Alto Adige 100  | 76123 Andria BT\nNote:Citofono: Del Giudice Mario','76123','n.a.','n.a n.a n.a','1 / 2 kg',146,NULL),(4000,'STCPZ000002006109596','02/11/2020','Giuseppe Fortunato',' Via Bologna , 86/88  | 76123 ANDRIA BT\n Note:','76123','n.a.','n.a n.a n.a','1 / 1 kg',146,NULL),(4001,'STCPZ000002007535473','02/11/2020','Vincenzo Casamassima',' VIA DANTE DI NANNI 7,  | 76123 Andria BT\n Note:','76123','n.a.','n.a n.a n.a','1 / 1 kg',146,NULL),(4002,'STCPA000002004823078','02/11/2020','Gabriella Porro',' Via trani 3/U presso farmacia suriano  | 76123\n Note:','76123','n.a.','n.a n.a n.a','1 / 1 kg',146,NULL),(4003,'STCPA000002005622419','','Lorenzo Palmieri','Via Dottor Michele Carbone 29 | 70032 Bitonto\nNote:','70017','n.a.','n.a n.a n.a','1/1kg',146,NULL),(4004,'STCPZ000002006123053','','Lorenzo Palmieri','Via Dottor Michele Carbone 29 | 70032 Bitonto\nNote:','70017','n.a.','n.a n.a n.a','1/1kg',146,NULL),(4005,'STCPA000002004835806','02/11/2020','Mariagrazia Fortunato',' Via filippino lippi n 37  | 76123 Andria BT\n Note:','76123','n.a.','n.a n.a n.a','1 / 1 kg',146,NULL),(4006,'STCPA000002006243446','02/11/2020','CENTRO HI-FI PISTILLO\nCENTRO HI-FI PISTILLO',' VIALE DELLA COSTITUZIONE 84  | 70031\nNote:','70031','n.a.','n.a n.a n.a','1 / 1 kg',146,NULL),(4007,'STCPZ000002007535098','02/11/2020','Alberto Calvano',' Via Gerusalemme 65  | 76123 ANDRIA BT\nNote:Navi17866123','76123','38.98','CONTANTI n.a POS','1 / 1 kg',146,NULL),(4008,'STCPA000002007525926','02/11/2020','Claudia Napolitano',' Via liguria, 6  | 76123 Andria BT\n Note:','76123','45.90','CONTANTI n.a POS','1 / 1 kg',146,NULL),(4009,'STCPA000002007522350','02/11/2020','Natale Ferrara Citofonare A\nFerrara Giacomo',' Via Milite Ignoto 81  | 76123 Andria BT\nNote:','76123','n.a.','n.a n.a n.a','1 / 1 kg',146,NULL),(4010,'STCPA000002006427553','02/11/2020','NOIA ANTONIO',' VIA BELGRADO,79  | 76123 Andria BT\n Note:','76123','n.a.','n.a n.a n.a','1 / 1 kg',146,NULL),(4011,'STCPZ000002007539662','02/11/2020','Pasqualina Di Chio',' Via Perosi, 2  | 76123 Andria BT\n Note:','76123','n.a.','n.a n.a n.a','1 / 1 kg',146,NULL),(4012,'STCPA000002006427031','02/11/2020','Francesco Mazzotta -\nTELEDEHON',' SS. Salvatore SNC - SP 43 Km 1 -  TELEDEHON\nNote:','76123','n.a.','n.a n.a n.a','1 / 1 kg',146,NULL),(4013,'STCPA000002004829306','02/11/2020','Silvana D amore',' Via la specchia 68  | 76123 Andria BT\n Note:','76123','n.a.','n.a n.a n.a','1 / 2 kg',146,NULL),(4014,'STCPA000002004833514','02/11/2020','Ivan Leonetti',' Via sapri 7  | 76123 Andria BT\n Note:','76123','n.a.','n.a n.a n.a','1 / 2 kg',146,NULL),(4015,'STCPA000002004821243','02/11/2020','Stefania Noja',' C.so europa unita, 24  | 76123 Andria BT\n Note:','76123','n.a.','n.a n.a n.a','1 / 2 kg',146,NULL),(4016,'STCPA000002004834258','02/11/2020','Raffaella Di Bari',' Via Savonarola 67  | 76123 Andria BT\n Note:','76123','n.a.','n.a n.a n.a','1 / 2 kg',146,NULL),(4017,'STCPA000002004835094','02/11/2020','Mariagrazia Fortunato',' Via filippino lippi n 37  | 76123 Andria BT\n Note:','76123','n.a.','n.a n.a n.a','1 / 2 kg',146,NULL),(4018,'STCPA000002004824575','02/11/2020','Francesca Fracchiolla',' Via spallanzani 108  | 76123 Andria BT\n Note:','76123','n.a.','n.a n.a n.a','1 / 2 kg',146,NULL),(4019,'STCPA000002004823618','02/11/2020','SILVIA LOSAPPIO',' Via Cappuccini 11  | 76123 Andria BT\n Note:','76123','n.a.','n.a n.a n.a','1 / 2 kg',146,NULL),(4020,'STCPA000002004817575','02/11/2020','Barbara Bucci presso CSA\nSrl',' Viale della Costituzione presso CSA Srl  | 76123\nNote:','76123','n.a.','n.a n.a n.a','1 / 2 kg',146,NULL),(4021,'STCPA000002004829494','02/11/2020','Graziana Altamura',' Via barletta 111  | 76123 Andria BT\nNote:Italia','76123','n.a.','n.a n.a n.a','1 / 1 kg',146,NULL),(4022,'STCPA000002004822726','02/11/2020','Saverio Conversano',' Pierluigi da Palestrina 5  | 76123 Andria BT\n Note:','76123','n.a.','n.a n.a n.a','1 / 2 kg',146,NULL),(4023,'STCPA000002004830033','02/11/2020','Graziana Altamura',' Via barletta 111  | 76123 Andria BT\nNote:Italia','76123','n.a.','n.a n.a n.a','1 / 5 kg',146,NULL),(4024,'STCPA000002004831480','02/11/2020','Giuseppe Alicino',' Via F. Gioia 36  | 76123 Andria BT\nNote:2 piano','76123','n.a.','n.a n.a n.a','1 / 2 kg',146,NULL),(4025,'STCPA000002004817455','02/11/2020','Gaetano Odoguardi',' Via delle Querce, Andria, Province of Barletta-\n Note:','76123','n.a.','n.a n.a n.a','1 / 2 kg',146,NULL),(4026,'STCPA000002004823527','02/11/2020','Lucia Cannone',' Via Riccardo Cotugno 23  | 76123 Andria BT\n Note:','76123','n.a.','n.a n.a n.a','1 / 2 kg',146,NULL),(4027,'STCPA000002004835424','02/11/2020','Francesca Lullo',' Via Ettore Majorana, 100, Andria, Province of\n Note:','76123','n.a.','n.a n.a n.a','1 / 5 kg',146,NULL),(4028,'STCPA000002004829587','02/11/2020','Mariagrazia Pizzolorusso',' Via don luigi sturzo 54  | 76123 Andria BT\n Note:','76123','n.a.','n.a n.a n.a','1 / 2 kg',146,NULL),(4029,'STCPA000002004817946','02/11/2020','Annalaura Fuzio',' Via dele querce 149  | 76123 Andria BT\nNote:Via delle querce 149','76123','n.a.','n.a n.a n.a','1 / 2 kg',146,NULL),(4030,'STCPA000002004829015','02/11/2020','Samanta Giorgino',' Via bandiera e moro 104  | 76123 Andria BT\n Note:','76123','n.a.','n.a n.a n.a','1 / 2 kg',146,NULL),(4031,'STCPA000002004819249','02/11/2020','Maria Gallo',' Via montello 50  | 76123 Andria BT\n Note:','76123','n.a.','n.a n.a n.a','1 / 2 kg',146,NULL),(4032,'STCPA000002004822380','02/11/2020','Michele Marmo',' Via Isonzo 8  | 76123 Andria BT\n Note:','76123','n.a.','n.a n.a n.a','1 / 1 kg',146,NULL),(4033,'STCPA000002004833939','02/11/2020','Martina Fuscello',' Via Piero Gobetti 28  | 76123 Andria BT\n Note:','76123','n.a.','n.a n.a n.a','1 / 1 kg',146,NULL),(4034,'STCPA000002004826145','02/11/2020','Rosa Bonadie',' Via Francesco Severi 42/44  | 76123 Andria BT\n Note:','76123','n.a.','n.a n.a n.a','1 / 1 kg',146,NULL),(4035,'STCPA000002007521580','03/11/2020','Tina Zingaro',' Via Ofanto 36  | 76123 Andria BT\nNote:Chiamare prima di consegnare','76123','76.80','CONTANTI n.a POS','1 / 1 kg',146,NULL),(4036,'STCPA000002004836498','02/11/2020','Alessandra Santoro',' Via delle querce 42  | 76123 Andria BT\n Note:','76123','n.a.','n.a n.a n.a','1 / 2 kg',146,NULL),(4037,'STCPA000002004822672','02/11/2020','ANNA VULPIO',' VIA ORAZIO PERSIO, 36  | 70023 ALTAMURA BA\n Note:','70023','n.a.','n.a n.a n.a','1 / 2 kg',147,NULL),(4038,'STCPA000002004823684','02/11/2020','Mariateresa Prato',' Via Timavo 33  | 70022 Altamura BA\n Note:','70022','n.a.','n.a n.a n.a','1 / 2 kg',147,NULL),(4039,'STCPA000002004828295','02/11/2020','Antonella Quartarella',' Via Sardegna 1  | 70022 Altamura BA\n Note:','70022','n.a.','n.a n.a n.a','1 / 2 kg',147,NULL),(4040,'STCPA000002004824445','02/11/2020','Anna Debernardis',' Via molfetta 32  | 70022 Altamura BA\n Note:','70022','n.a.','n.a n.a n.a','1 / 2 kg',147,NULL),(4041,'STCPA000002004833808','02/11/2020','Nicola Petronella',' Piazzale europa 10 b  | 70022 Altamura BA\n Note:','70022','n.a.','n.a n.a n.a','1 / 2 kg',147,NULL),(4042,'STCPA000002004820794','02/11/2020','Anna Ninivaggi',' Via alcide de gasperi 7  | 70022 Altamura BA\nNote:Int.2','70022','n.a.','n.a n.a n.a','1 / 2 kg',147,NULL),(4043,'STCPA000002004831797','02/11/2020','Maria Simone',' Via tenda n.2  | 70022 Altamura BA\nNote:1','70022','n.a.','n.a n.a n.a','2 / 2 kg',147,NULL),(4044,'STCPA000002004837329','02/11/2020','Francesca Loizzo',' Via maestri del lavoro 14  | 70022 Altamura BA\n Note:','70022','n.a.','n.a n.a n.a','1 / 2 kg',147,NULL),(4045,'STCPA000002004822839','02/11/2020','antonio franco',' via Boito, 5  | 70022 altamura BA\n Note:','70022','n.a.','n.a n.a n.a','1 / 5 kg',147,NULL),(4046,'STCPA000002004810663','02/11/2020','titti pignatelli',' via Alcide De Gasperi n.7 int.12  | 70022\n Note:','70022','n.a.','n.a n.a n.a','1 / 2 kg',147,NULL),(4047,'STCPA000002004823536','02/11/2020','Giusy dilerma',' via foggia  | 70022 Altamura BA\nNote:37','70022','n.a.','n.a n.a n.a','1 / 2 kg',147,NULL),(4048,'STCPA000002004820974','02/11/2020','Federica Lomaistro',' Pietro colletta, 285  | 70022 Altamura BA\n Note:','70022','n.a.','n.a n.a n.a','1 / 1 kg',147,NULL),(4049,'STCPA000002004833651','02/11/2020','Luciana Laurieri',' Via Carpentino 54  | 70022 Altamura BA\n Note:','70022','n.a.','n.a n.a n.a','1 / 2 kg',147,NULL),(4050,'STCPA000002004829415','02/11/2020','Beatrice Castoro',' via matera 188 interno 1  | 70022 altamura BA\n Note:','70022','n.a.','n.a n.a n.a','1 / 2 kg',147,NULL),(4051,'STCPA000002004823308','02/11/2020','francesca Loizzo',' via filangieri 30 B  | 70022 altamura BA\n Note:','70022','n.a.','n.a n.a n.a','1 / 1 kg',147,NULL),(4052,'STCPA000002004816126','02/11/2020','Roberta Ciaccia',' Via Buccari, 93, Altamura, Metropolitan City of\n Note:','70022','n.a.','n.a n.a n.a','2 / 2 kg',147,NULL),(4053,'STCPA000002004827840','02/11/2020','francesca fiorino',' via del papavero  | 70022 Altamura BA\nNote:26','70022','n.a.','n.a n.a n.a','1 / 2 kg',147,NULL),(4054,'STCPA000002004829271','02/11/2020','Mariangela Galetta',' Via lucera, 19/p  | 70022 Altamura BA\n Note:','70022','n.a.','n.a n.a n.a','1 / 2 kg',147,NULL),(4055,'STCPA000002004816126','02/11/2020','Roberta Ciaccia',' Via Buccari, 93, Altamura, Metropolitan City of\n Note:','70022','n.a.','n.a n.a n.a','2 / 2 kg',147,NULL),(4056,'STCPA000002096622925','02/11/2020','Francesca Pepe',' Via Francesco Petrarca 30B  | 70022 Altamura\n Note:','70022','n.a.','n.a n.a n.a','1 / 2 kg',147,NULL),(4057,'STCPA000002004822930','02/11/2020','Davide Decarli',' via Pesaro 3  | 70022 Altamura BA\n Note:','70022','n.a.','n.a n.a n.a','1 / 2 kg',147,NULL),(4058,'STCPA000002004833267','02/11/2020','Roberta Galetta',' Via Sandro Pertini 15  | 70022 Altamura BA\n Note:','70022','n.a.','n.a n.a n.a','1 / 2 kg',147,NULL),(4059,'STCPZ000002007536624','02/11/2020','Elisa natrella',' Via martiri 11settembre2 001, 39  | 70022\n Note:','70022','24.99','CONTANTI ASSEGNO POS','1 / 1 kg',147,NULL),(4060,'STCPA000002004823692','02/11/2020','Orchidea Quattromini',' Via briga  | 70022 Altamura BA\nNote:9','70022','n.a.','n.a n.a n.a','1 / 1 kg',147,NULL),(4061,'STCPA000002004811515','02/11/2020','Maria Basile',' Via delle More 19  | 70022 Altamura BA\n Note:','70022','n.a.','n.a n.a n.a','1 / 1 kg',147,NULL),(4062,'STCPA000002004823087','02/11/2020','Marianna Denora',' Via savona 3  | 70022 Altamura BA\nNote:2','70022','n.a.','n.a n.a n.a','1 / 1 kg',147,NULL),(4063,'STCPA000002004823324','02/11/2020','Pasquale Dileo',' Via Zara 5  | 70022 Altamura BA\nNote:C/o macelleria Dileo','70022','n.a.','n.a n.a n.a','1 / 1 kg',147,NULL),(4064,'STCPZ000002006107900','02/11/2020','Anna cagnazzi',' Via Umberto Giordano 37  | 70022 ALTAMURA\n Note:','70022','n.a.','n.a n.a n.a','1 / 1 kg',147,NULL),(4065,'STCPA000002004831535','02/11/2020','Elisa Chironna',' Via Bormida 21  | 70022 Altamura BA\n Note:','70022','n.a.','n.a n.a n.a','1 / 1 kg',147,NULL),(4066,'STCPZ000002007576822','02/11/2020','Nicola Dagostino',' via Timavo 28  | 70022 Altamura BA\n Note:','70022','24.98','CONTANTI n.a POS','1 / 1 kg',147,NULL),(4067,'STCPA000002004823653','02/11/2020','Angelica Squicciarini',' Via Superga 11  | 70022 Altamura BA\nNote:Terzo Piano','70022','n.a.','n.a n.a n.a','1 / 5 kg',147,NULL),(4068,'STCPA000002006430827','02/11/2020','CASTELLANO ROSA',' VIA GIUSEPPE GIANNUZZI 6 | 70022 ALTAMURA\n Note:','70022','n.a.','n.a n.a n.a','1 / 1 kg',147,NULL),(4069,'STCPA000002004831157','02/11/2020','Maria Simone',' Via tenda n.2  | 70022 Altamura BA\nNote:1','70022','n.a.','n.a n.a n.a','1 / 1 kg',147,NULL),(4070,'STCPA000002004824130','02/11/2020','ANNA VULPIO',' VIA ORAZIO PERSIO, 36  | 70023 ALTAMURA BA\n Note:','70023','n.a.','n.a n.a n.a','1 / 1 kg',147,NULL),(4071,'STCPA000002004831631','02/11/2020','Rita Chironna',' Ascoli Piceno 24  | 70022 Altamura BA\nNote:1 piano','70022','n.a.','n.a n.a n.a','1 / 2 kg',147,NULL),(4072,'STCPA000002004826429','02/11/2020','Imma Montemurno',' Via Bengasi 1  | 70022 Altamura BA\n Note:','70022','n.a.','n.a n.a n.a','1 / 2 kg',147,NULL),(4073,'STCPA000002004821647','02/11/2020','Giusy dilerma',' via foggia  | 70022 Altamura BA\nNote:37','70022','n.a.','n.a n.a n.a','1 / 1 kg',147,NULL),(4074,'STCPA000002004820745','02/11/2020','Teresa Bruscella',' Via caserta 29  | 70022 Altamura BA\n Note:','70022','n.a.','n.a n.a n.a','1 / 2 kg',147,NULL),(4075,'STCPA000002004816258','02/11/2020','Salvatore Lorusso',' Via Santeramo in Colle 122  | 70022 Altamura\n Note:','70022','n.a.','n.a n.a n.a','1 / 2 kg',147,NULL),(4076,'STCPA000002004821447','02/11/2020','giulia tafuno',' via cairoli 32  | 70022 altamura BA\n Note:','70022','n.a.','n.a n.a n.a','1 / 2 kg',147,NULL),(4077,'STCPA000002004815302','02/11/2020','Francesca Clemente',' via antonio de curtis 4  | 70022 Altamura BA\n Note:','70022','n.a.','n.a n.a n.a','1 / 2 kg',147,NULL),(4078,'STCPA000002004835669','02/11/2020','Luisiana Calia',' Via guglielmo pepe 45  | 70022 Altamura BA\n Note:','70022','n.a.','n.a n.a n.a','1 / 2 kg',147,NULL),(4079,'STCPA000002004818088','02/11/2020','Teresa Incampo',' Via sant?irene n.15  | 70022 Altamura BA\n Note:','70022','n.a.','n.a n.a n.a','1 / 2 kg',147,NULL),(4080,'STCPA000002004822221','02/11/2020','Francesco Ventura',' Via Marmarica 21  | 70022 Altamura BA\n Note:','70022','n.a.','n.a n.a n.a','1 / 2 kg',147,NULL),(4081,'STCPA000002004818264','02/11/2020','Pasqua Ciccimarra',' Via S. Benedetto 62  | 70022 Altamura BA\nNote:3','70022','n.a.','n.a n.a n.a','1 / 2 kg',147,NULL),(4082,'STCPA000002004829153','02/11/2020','Miriam Lorusso',' Via delle nazioni n. 305  | 70022 Altamura BA\n Note:','70022','n.a.','n.a n.a n.a','2 / 1 kg',147,NULL),(4083,'STCPA000002004819111','02/11/2020','Anna Fiore',' Via Carlo Rossetti 27/29  | 70022 Altamura BA\n Note:','70022','n.a.','n.a n.a n.a','1 / 2 kg',147,NULL),(4084,'STCPA000002004823736','02/11/2020','Angelica scarabaggio',' Via Giovanni Leone 2  | 70022 Altamura BA\n Note:','70022','n.a.','n.a n.a n.a','1 / 1 kg',147,NULL),(4085,'STCPA000002004826613','02/11/2020','Francesco cappiello',' via e. zola, 11  | 70022 Altamura BA\n Note:','70022','n.a.','n.a n.a n.a','1 / 2 kg',147,NULL),(4086,'STCPA000002004822261','02/11/2020','Anna Cenisio',' Via caduti delle foibe 65  | 70022 Altamura BA\n Note:','70022','n.a.','n.a n.a n.a','1 / 2 kg',147,NULL),(4087,'STCPA000002004822679','02/11/2020','Giuseppe Lorusso',' Va Bardia 1/A  | 70022 Altamura BA\nNote:Va santa Rita 14','70022','n.a.','n.a n.a n.a','1 / 2 kg',147,NULL),(4088,'STCPA000002004824670','02/11/2020','Nayara Rodriguez',' Complanare strada statale 96 km 85.700  |\n Note:','70022','n.a.','n.a n.a n.a','1 / 2 kg',147,NULL),(4089,'STCPA000002004834128','02/11/2020','Hanna Caputo',' Via Buccari, 54, 70022 Altamura BA, Italia  |\n Note:','70022','n.a.','n.a n.a n.a','1 / 5 kg',147,NULL),(4090,'STCPA000002004814527','02/11/2020','Maristella Pepe',' Via IV Novembre  | 70022 Altamura BA\nNote:66','70022','n.a.','n.a n.a n.a','1 / 2 kg',147,NULL),(4091,'STCPA000002004831797','02/11/2020','Maria Simone',' Via tenda n.2  | 70022 Altamura BA\nNote:1','70022','n.a.','n.a n.a n.a','2 / 2 kg',147,NULL),(4092,'STCPA000002004823770','02/11/2020','Cinzia Ragone',' Via santeramo n.179  | 70022 Altamura BA\n Note:','70022','n.a.','n.a n.a n.a','1 / 2 kg',147,NULL),(4093,'STCPA000002004814038','02/11/2020','Michele Giorgio',' Via Gondar, 44/B  | 70022 Altamura BA\n Note:','70022','n.a.','n.a n.a n.a','1 / 1 kg',147,NULL),(4094,'STCPA000002004829153','02/11/2020','Miriam Lorusso',' Via delle nazioni n. 305  | 70022 Altamura BA\n Note:','70022','n.a.','n.a n.a n.a','2 / 1 kg',147,NULL),(4095,'STCPA000002004822906','02/11/2020','Vitalba Marvulli',' Via Carcano 18  | 70022 Altamura BA\n Note:','70022','n.a.','n.a n.a n.a','1 / 5 kg',147,NULL),(4096,'STCPA000002004818522','02/11/2020','francesca patella',' via udine 38  | 70022 altamura BA\n Note:','70022','n.a.','n.a n.a n.a','1 / 1 kg',147,NULL),(4097,'STCPA000002007507108','02/11/2020','Pietro Coletta',' Via Francesco maggi 4  | 70022 ALTAMURA BA\n Note:','70022','n.a.','n.a n.a n.a','1 / 2 kg',147,NULL),(4098,'STCPA000002007554241','02/11/2020','Antonella Marvulli',' Altamura Via pap Giovanni Paolo 1  | 70022\nNote:Via pap Giovanni Paolo 1','70022','n.a.','n.a n.a n.a','1 / 1.2 kg',147,NULL),(4099,'STCPA000002004824064','02/11/2020','rosa ninivaggi c/o Enfo\nService',' via della Ferula 46 int 1-2  | 70022 Altamura BA\nNote:','70022','n.a.','n.a n.a n.a','1 / 1 kg',147,NULL),(4100,'STCPA000002006476612','01/11/2020','MICHELANGELO\nCENTODUCATI',' VIA UDINE,69  | 70022 Altamura BA\nNote:','70022','n.a.','n.a n.a n.a','1 / 1 kg',147,NULL),(4101,'STCPA000002007522057','02/11/2020','ninivaggi caterina',' via gondar 9  | 70022 altamura BA\n Note:','70022','n.a.','n.a n.a n.a','1 / 2 kg',147,NULL),(4102,'STCPA000002004824229','02/11/2020','Teresa Scalera',' Via Gradisca  | 70022 Altamura BA\nNote:N.7','70022','n.a.','n.a n.a n.a','1 / 1 kg',147,NULL),(4103,'STCPA000002004825170','02/11/2020','Anita Caforio',' Via Brindisi 48  | 70022 Altamura BA\n Note:','70022','n.a.','n.a n.a n.a','1 / 2 kg',147,NULL),(4104,'STCPA000002096917142','02/11/2020','Angelica scarabaggio',' Via G. Leone 2  | 70022 Altamura BA\nNote:Via G. Leone 2','70022','n.a.','n.a n.a n.a','1 / 1 kg',147,NULL),(4105,'STCPA000002006459855','02/11/2020','Vitale Maria',' Via Foligno,38  | 70022 Altamura BA\n Note:','70022','n.a.','n.a n.a n.a','1 / 1 kg',147,NULL),(4106,'STCPA000002096916887','02/11/2020','Marisa Scarabaggio',' Via delle Cappelle, 40  | 70022 Altamura BA\nNote:Via Delle Cappelle 42','70022','n.a.','n.a n.a n.a','1 / 1 kg',147,NULL),(4107,'STCPA000002004826192','02/11/2020','Marica Perrucci',' Via Guerrazzi 83  | 70022 Altamura BA\n Note:','70022','n.a.','n.a n.a n.a','1 / 2 kg',147,NULL),(4108,'STCPA000002007527504','02/11/2020','Monti Erminio','VIA LUDOVICO ARIOSTO, 83/D | 70022\n Note:','70022','n.a.','n.a n.a n.a','1 / 1 kg',147,NULL),(4109,'STCPA000002004818188','02/11/2020','Angela Sardone / Cappiello',' Via Harar , 3  | 70022 Altamura BA\n Note:','70022','n.a.','n.a n.a n.a','1 / 5 kg',147,NULL),(4110,'STCPA000002004826997','02/11/2020','Annalisa De pinto',' Via baccarini 14/c  | 70056 Molfetta BA\n Note:','70056','n.a.','n.a n.a n.a','1 / 1 kg',148,NULL),(4111,'STCPA000002004820712','02/11/2020','Giovanna Mezzina',' Via girolamo minervini 11  | 70056 Molfetta BA\n Note:','70056','n.a.','n.a n.a n.a','1 / 1 kg',148,NULL),(4112,'STCPA000002007522000','02/11/2020','Facchini Vito',' via capitano tommaso de Candia ,57/a  | 70056\n Note:','70056','n.a.','n.a n.a n.a','1 / 1 kg',148,NULL),(4113,'STCPZ000002007543826','02/11/2020','Isabella Biase',' Via salvador allende, 13/c  | 70056 Molfetta BA\nNote:Entro gioved  per un regalo','70056','24.99','CONTANTI ASSEGNO POS','1 / 1 kg',148,NULL),(4114,'STCPA000002007530788','02/11/2020','Luigi Tedeschi',' Via Leonardo Azzarita Numero 61  | 70056\n Note:','70056','n.a.','n.a n.a n.a','1 / 1 kg',148,NULL),(4115,'STCPA000002006460280','02/11/2020','Michele Salvemini',' Strada Provinciale Per Terlizzi KM 3,35  | 70056\n Note:','70056','n.a.','n.a n.a n.a','1 / 1 kg',148,NULL),(4116,'STCPZ000002006159518','02/11/2020','pietro tritto',' vico 12 madonna dei martiri 24  | 70056\n Note:','70056','n.a.','n.a n.a n.a','1 / 1 kg',148,NULL),(4117,'STCPA000002096916578','02/11/2020','Lucrezia Mergola',' Via Giovanni Picca 4  | 70056 Molfetta BA\n Note:','70056','n.a.','n.a n.a n.a','1 / 1 kg',148,NULL),(4118,'STCPA000002096916171','02/11/2020','maria elena Mancini',' Piazza Margherita di Savoia 18  | 70056\n Note:','70056','n.a.','n.a n.a n.a','1 / 2 kg',148,NULL),(4119,'STCPA000002004822050','02/11/2020','Lucrezia Schiraldi',' Viale Pio XI, n. 40/4  | 70056 Molfetta BA\n Note:','70056','n.a.','n.a n.a n.a','1 / 2 kg',148,NULL),(4120,'STCPZ000002007536555','02/11/2020','Erminia Fregnan',' Via Pierluigi da Palestrina, 19  | 70056 Molfetta\n Note:','70056','29.99','CONTANTI ASSEGNO POS','1 / 1 kg',148,NULL),(4121,'STCPZ000002007525478','02/11/2020','Annamaria  Spagnoletti',' Via capitano Tommaso de Candia  77  | 70056\nNote:77 - Info: support@speedd.net','70056','42.98','CONTANTI n.a POS','1 / 1 kg',148,NULL),(4122,'STCPA000002004832443','02/11/2020','silvia rana',' Viale Pio XI 40/34  | 70056 Molfetta BA\n Note:','70056','n.a.','n.a n.a n.a','1 / 1 kg',148,NULL),(4123,'STCPZ000002006468487','02/11/2020','Pepe Mirko','PIAZZA ROMA, 6 | 70056 MOLFETTA BA\nNote:3073-3073','70056','n.a.','n.a n.a n.a','1 / 1 kg',148,NULL),(4124,'STCPZ000002007525577','02/11/2020','WEILI  CHEN',' via senatore natale palummo 12 12  | 70056\nNote:12 - Info: support@speedd.net','70056','44.98','CONTANTI n.a POS','1 / 1 kg',148,NULL),(4125,'STCPA000002007551220','02/11/2020','De Candia Maria Giuseppa',' Via Giovinazzo 33  | 70056 Molfetta BA\n Note:','70056','n.a.','n.a n.a n.a','1 / 20 kg',148,NULL),(4126,'STCPA000002007526678','02/11/2020','ANGELO BELLIFEMINE',' viale martiri della resistenza 34  | 70056\n Note:','70056','n.a.','n.a n.a n.a','1 / 1 kg',148,NULL);

/*Table structure for table `temp` */

DROP TABLE IF EXISTS `temp`;

CREATE TABLE `temp` (
  `id` int(3) NOT NULL AUTO_INCREMENT,
  `username` varchar(20) DEFAULT NULL,
  PRIMARY KEY (`id`)
) ENGINE=InnoDB AUTO_INCREMENT=6 DEFAULT CHARSET=utf8mb4;

/*Data for the table `temp` */

insert  into `temp`(`id`,`username`) values (4,'Johngfgfg'),(5,'ttes');

/*!40101 SET SQL_MODE=@OLD_SQL_MODE */;
/*!40014 SET FOREIGN_KEY_CHECKS=@OLD_FOREIGN_KEY_CHECKS */;
